token,token_en,label,PMI,pmi_sign,polarity_sign,agreement,English,French,Shona,Zulu,Xhosa,Afrikaans,Sepedi,Score,Sentiment,Nature
#africa,#africa,neutral,4.092835975674263,0,,mismatch,,,,,,,,,,
#edworks,#edworks,positive,2.9212073876621125,1,,mismatch,,,,,,,,,,
#gpzvhrk,#gpzvhrk,positive,2.9509547310561643,1,,mismatch,,,,,,,,,,
#issawholenewvibe,#issawholenewvibe,positive,2.9509547310561643,1,,mismatch,,,,,,,,,,
#jobs,#jobs,positive,2.9212073876621125,1,,mismatch,,,,,,,,,,
#jobszimbabwe,#jobszimabwe,positive,2.9212073876621125,1,,mismatch,,,,,,,,,,
#legacyrealestate,#legacyrealestate,positive,3.1435998089985606,1,,mismatch,,,,,,,,,,
#partycipate,#participate,neutral,4.092835975674263,0,,mismatch,,,,,,,,,,
#rawsonproperties,#rawsonproperties,positive,3.14359980899856,1,,mismatch,,,,,,,,,,
#redmarketsunday,#redmarketsGunday,positive,3.14359980899856,1,,mismatch,,,,,,,,,,
#registertovote,#registertovote,positive,2.9509547310561643,1,,mismatch,,,,,,,,,,
#rip,#rip,positive,3.1435998089985606,1,,mismatch,,,,,,,,,,
#shoko2022,#shoko2022,neutral,4.092835975674263,0,,mismatch,,,,,,,,,,
#skyryanproperties,#skyryanproperties,positive,3.14359980899856,1,,mismatch,,,,,,,,,,
#thehubzw,#TheHubzw,neutral,3.8704435543378155,0,,mismatch,,,,,,,,,,
#zanupfmustgo,#zanupfumstgo,negative,1.903807662450311,-1,,mismatch,,,,,,,,,,
$30,$30,neutral,4.092835975674263,0,,mismatch,,,,,,,,,,
$60,$60,positive,2.9509547310561643,1,,mismatch,,,,,,,,,,
*,,positive,3.1435998089985606,1,,mismatch,,,,,,,,,,
00,00,neutral,4.033942286620695,0,,mismatch,,,,,,,,,,
07,07,neutral,4.092835975674263,0,,mismatch,,,,,,,,,,
08,08,neutral,4.163225303565661,0,,mismatch,,,,,,,,,,
100%,100%,neutral,4.033942286620695,0,,mismatch,,,,,,,,,,
13,13,positive,2.9509547310561643,1,,mismatch,,,,,,,,,,
1998,1998,neutral,4.092835975674263,0,,mismatch,,,,,,,,,,
207,207,positive,2.9509547310561643,1,,mismatch,,,,,,,,,,
2am,2am,negative,1.903807662450311,-1,,mismatch,,,,,,,,,,
33,33,neutral,4.00794707808775,0,,mismatch,,,,,,,,,,
39,39,positive,3.1435998089985606,1,,mismatch,,,,,,,,,,
40k,40k,neutral,3.8704435543378155,0,,mismatch,,,,,,,,,,
5am,5am,negative,1.903807662450311,-1,,mismatch,,,,,,,,,,
5kg,5kg,neutral,4.092835975674263,0,,mismatch,,,,,,,,,,
70,70,neutral,4.033942286620695,0,,mismatch,,,,,,,,,,
77,77,positive,3.1435998089985606,1,,mismatch,,,,,,,,,,
=,,positive,3.14359980899856,1,,mismatch,,,,,,,,,,
@alpha,@alpha,negative,1.903807662450311,-1,,mismatch,,,,,,,,,,
@alwyn,@alwyn,neutral,3.8704435543378155,0,,mismatch,,,,,,,,,,
@anti,@anti,neutral,3.8704435543378155,0,,mismatch,,,,,,,,,,
@antipeaceman,@antipeaceman,negative,1.903807662450311,-1,,mismatch,,,,,,,,,,
@arniek25aarnold,@arniek25aarnold,positive,3.1435998089985606,1,,mismatch,,,,,,,,,,
@arthur85026546,@arthur85026546,neutral,3.8704435543378155,0,,mismatch,,,,,,,,,,
@auzy,@auzy,neutral,4.092835975674263,0,,mismatch,,,,,,,,,,
@babatafi,@babati,positive,3.14359980899856,1,,mismatch,,,,,,,,,,
@bellamelz12,@bellamelz12,negative,1.903807662450311,-1,,mismatch,,,,,,,,,,
@bernsoft2,@Bernsoft2,neutral,3.8704435543378155,0,,mismatch,,,,,,,,,,
@black,@black,negative,1.903807662450311,-1,,mismatch,,,,,,,,,,
@boriscde,@boriscde,neutral,3.9033581768105505,0,,mismatch,,,,,,,,,,
@bradelyboy,@bradelyboy,neutral,4.092835975674263,0,,mismatch,,,,,,,,,,
@buhle,@ beauty,negative,1.9038076624503113,-1,,mismatch,,,,,,,,,,
@castlelagerzw,@castlelagerzw,positive,2.9509547310561643,1,,mismatch,,,,,,,,,,
@chris79016670,@chris79016670,neutral,4.3558703815080575,0,,mismatch,,,,,,,,,,
@costmillions,@costmillions,neutral,3.8704435543378155,0,,mismatch,,,,,,,,,,
@crussymalvin,@crussymalvin,neutral,4.092835975674263,0,,mismatch,,,,,,,,,,
@dandepartners,@dandepartners,neutral,3.8704435543378155,0,,mismatch,,,,,,,,,,
@dave,@dave,neutral,3.9408328822292136,0,,mismatch,,,,,,,,,,
@david7zoe,@ David7zoe,positive,3.1435998089985606,1,,mismatch,,,,,,,,,,
@denfordngadzio1,@ Denfordao1,neutral,3.993300302123349,0,,mismatch,,,,,,,,,,
@designerguyzw,@designerguyzw,negative,1.903807662450311,-1,,mismatch,,,,,,,,,,
@dialo,@dialo,neutral,4.3558703815080575,0,,mismatch,,,,,,,,,,
@eargroundzw,@eargroundzw,neutral,4.092835975674263,0,,mismatch,,,,,,,,,,
@eddie,@eddie,neutral,3.8704435543378155,0,,mismatch,,,,,,,,,,
@effort,@effort,negative,1.903807662450311,-1,,mismatch,,,,,,,,,,
@ekayzee,@ekayzee,neutral,4.066363764313072,0,,mismatch,,,,,,,,,,
@elliotlinksync,@elliotlinksync,negative,1.903807662450311,-1,,mismatch,,,,,,,,,,
@elonmusk,@elon musk,neutral,3.8704435543378155,0,,mismatch,,,,,,,,,,
@emteeen,@emteen,neutral,3.9408328822292136,0,,mismatch,,,,,,,,,,
@everjoicewin,@everjoicewin,positive,2.9212073876621125,1,,mismatch,,,,,,,,,,
@faffienesongano,@Faffienesongano,neutral,3.8704435543378155,0,,mismatch,,,,,,,,,,
@fatso4real,@fatso4real,negative,1.903807662450311,-1,,mismatch,,,,,,,,,,
@frcombo,@frcombo,neutral,3.8704435543378155,0,,mismatch,,,,,,,,,,
@gnashkid,@gnashkid,positive,3.14359980899856,1,,mismatch,,,,,,,,,,
@gr4youdontlike,@gr4youdontlike,negative,1.903807662450311,-1,,mismatch,,,,,,,,,,
@gushaz28,@gushaz28,negative,1.903807662450311,-1,,mismatch,,,,,,,,,,
@harare,@harare,positive,3.14359980899856,1,,mismatch,,,,,,,,,,
@hellen,@hellen,neutral,3.8704435543378155,0,,mismatch,,,,,,,,,,
@hermanmashaba,@hermanmashaba,negative,1.903807662450311,-1,,mismatch,,,,,,,,,,
@iammisstc,@iammisstc,positive,2.9509547310561643,1,,mismatch,,,,,,,,,,
@imnotaforeigner,@IMNOTAFEIGNER,positive,3.14359980899856,1,,mismatch,,,,,,,,,,
@irvinesz,@IRVINESZ,positive,3.1435998089985606,1,,mismatch,,,,,,,,,,
@ishemagos,@ishemagos,neutral,3.8704435543378155,0,,mismatch,,,,,,,,,,
@itsstartup,@itsstartup,neutral,4.092835975674263,0,,mismatch,,,,,,,,,,
@jaisonshazhiwe,@jaisonshazhiwe,neutral,3.9408328822292136,0,,mismatch,,,,,,,,,,
@joebiden,@joebiden,positive,2.937148931531134,1,,mismatch,,,,,,,,,,
@kaviyagertrude,@kaviyagertrude,neutral,3.8704435543378155,0,,mismatch,,,,,,,,,,
@kingmhare1,@kingmhare1,negative,1.903807662450311,-1,,mismatch,,,,,,,,,,
@kudakwaishe19,@ to Revhebesa19,positive,3.14359980899856,1,,mismatch,,,,,,,,,,
@ladenraww,@ladenraww,neutral,4.092835975674263,0,,mismatch,,,,,,,,,,
@leninroger,@leninroger,neutral,3.9408328822292136,0,,mismatch,,,,,,,,,,
@lisah,@lisah,negative,1.903807662450311,-1,,mismatch,,,,,,,,,,
@lordsalisburry,@lordsalisburry,negative,1.903807662450311,-1,,mismatch,,,,,,,,,,
@lovemore070,@lovemore070,neutral,4.092835975674263,0,,mismatch,,,,,,,,,,
@lovenesssilenje,@lovenessSilenje,negative,1.903807662450311,-1,,mismatch,,,,,,,,,,
@luciferstar,@luciferstar,neutral,4.355870381508057,0,,mismatch,,,,,,,,,,
@lyn,@lyn,negative,1.903807662450311,-1,,mismatch,,,,,,,,,,
@machenjerap,@machenjerap,positive,3.14359980899856,1,,mismatch,,,,,,,,,,
@madhube01,@KUBUBU01,negative,1.9038076624503113,-1,,mismatch,,,,,,,,,,
@maluvamalvern,@maluvamalvern,positive,3.14359980899856,1,,mismatch,,,,,,,,,,
@marrionmubawu,@marrionmubawu,neutral,4.13347796017161,0,,mismatch,,,,,,,,,,
@marthasekeramay,@marthasekeramay,negative,1.903807662450311,-1,,mismatch,,,,,,,,,,
@marvelous,@marvelous,neutral,4.092835975674263,0,,mismatch,,,,,,,,,,
@mavasaobey,@mavaxobey,negative,1.903807662450311,-1,,mismatch,,,,,,,,,,
@mcchenje,@mcchenje,negative,1.903807662450311,-1,,mismatch,,,,,,,,,,
@messangerbro,@messangerbro,neutral,4.355870381508057,0,,mismatch,,,,,,,,,,
@mhtestd,@mhtestd,positive,3.14359980899856,1,,mismatch,,,,,,,,,,
@mhungu,@,negative,1.9038076624503113,-1,,mismatch,,,,,,,,,,
@mhurirofarai,@sharaw,neutral,3.8704435543378155,0,,mismatch,,,,,,,,,,
@michaelbucwa,@michaelbucwa,neutral,4.355870381508057,0,,mismatch,,,,,,,,,,
@missv,@missv,positive,2.9509547310561643,1,,mismatch,,,,,,,,,,
@mitchie,@mitchie,positive,3.1435998089985606,1,,mismatch,,,,,,,,,,
@munamati7,@ is a worshiper7,negative,1.903807662450311,-1,,mismatch,,,,,,,,,,
@ndauvarsity,@ndauvarsity,positive,3.14359980899856,1,,mismatch,,,,,,,,,,
@netonecellular,@netonerellular,negative,1.903807662450311,-1,,mismatch,,,,,,,,,,
@ngpindemukomana,@gil,negative,1.903807662450311,-1,,mismatch,,,,,,,,,,
@nicksonmpofu,@nicksonmofu,negative,1.903807662450311,-1,,mismatch,,,,,,,,,,
@noth,@noth,positive,2.973674807556248,1,,mismatch,,,,,,,,,,
@omasaraure,@sover,neutral,3.993300302123349,0,,mismatch,,,,,,,,,,
@oppamuchinguri,@oppamuchinguri,negative,1.903807662450311,-1,,mismatch,,,,,,,,,,
@peemix01,@peemix01,negative,1.903807662450311,-1,,mismatch,,,,,,,,,,
@phillip,@phillip,neutral,4.3558703815080575,0,,mismatch,,,,,,,,,,
@piersmorgan,@piersmorgan,neutral,3.8704435543378155,0,,mismatch,,,,,,,,,,
@rachel,@rachel,negative,1.903807662450311,-1,,mismatch,,,,,,,,,,
@realhusband1,@Realhusband1,negative,1.903807662450311,-1,,mismatch,,,,,,,,,,
@redmarketsunday,@redmarketsunday,positive,3.14359980899856,1,,mismatch,,,,,,,,,,
@richardtawanda,@richardtawanda,negative,1.903807662450311,-1,,mismatch,,,,,,,,,,
@rno,@rno,neutral,4.092835975674263,0,,mismatch,,,,,,,,,,
@rufarorufaro7,@ rife happy7,positive,2.9212073876621125,1,,mismatch,,,,,,,,,,
@rutendocindy,@ricutocindy,negative,1.903807662450311,-1,,mismatch,,,,,,,,,,
@ruth9027,@ruth9027,neutral,3.8704435543378155,0,,mismatch,,,,,,,,,,
@sabhuku,@sa book,neutral,3.993300302123349,0,,mismatch,,,,,,,,,,
@sarahtaye81,@sarahtaye81,neutral,3.8704435543378155,0,,mismatch,,,,,,,,,,
@shanon,@shanon,negative,1.9038076624503113,-1,,mismatch,,,,,,,,,,
@shariwa,@shariwa,positive,2.9212073876621125,1,,mismatch,,,,,,,,,,
@sharlene898,@sharlene898,neutral,3.8704435543378155,0,,mismatch,,,,,,,,,,
@sheconquers4,@sheconquers4,neutral,3.993300302123349,0,,mismatch,,,,,,,,,,
@sibert,@sibert,neutral,3.8704435543378155,0,,mismatch,,,,,,,,,,
@sire,@sire,negative,1.903807662450311,-1,,mismatch,,,,,,,,,,
@slender,@slender,negative,1.903807662450311,-1,,mismatch,,,,,,,,,,
@smangovacho,@smangovacho,negative,1.903807662450311,-1,,mismatch,,,,,,,,,,
@takudzwa0117,@ Archeo 0117,negative,1.903807662450311,-1,,mismatch,,,,,,,,,,
@takudzwamac,@taignumac,negative,1.903807662450311,-1,,mismatch,,,,,,,,,,
@talemagara,@talemagara,negative,1.903807662450311,-1,,mismatch,,,,,,,,,,
@tamiswa,@Topped,negative,1.903807662450311,-1,,mismatch,,,,,,,,,,
@tapiwamunjoma,@tor-adjustment,negative,1.903807662450311,-1,,mismatch,,,,,,,,,,
@tawandachiware3,@ Tawchyware3,negative,1.903807662450311,-1,,mismatch,,,,,,,,,,
@tawazwilson,@tawazwilson,neutral,4.092835975674263,0,,mismatch,,,,,,,,,,
@tcnemaungwe,@tcnemangwe,positive,3.14359980899856,1,,mismatch,,,,,,,,,,
@teachers,@teachers,positive,3.14359980899856,1,,mismatch,,,,,,,,,,
@teemadzika,@temadzika,positive,2.9212073876621125,1,,mismatch,,,,,,,,,,
@thaslickpastor,@thaslickpastor,neutral,4.066363764313072,0,,mismatch,,,,,,,,,,
@theavengerzwl,@theavengerzwl,neutral,4.203867288063007,0,,mismatch,,,,,,,,,,
@therealbigtee1,@therealbigtee1,neutral,4.092835975674263,0,,mismatch,,,,,,,,,,
@tichafatmudzana,@chaafatology,negative,1.903807662450311,-1,,mismatch,,,,,,,,,,
@tinashechirape,@stinachchipe,positive,3.1435998089985606,1,,mismatch,,,,,,,,,,
@tinei2010,@Tinei2010,neutral,3.9773587582543275,0,,mismatch,,,,,,,,,,
@tinotendaphile2,@ we have augeepho2,neutral,4.3558703815080575,0,,mismatch,,,,,,,,,,
@tirimusango,@Vivobu,negative,1.903807662450311,-1,,mismatch,,,,,,,,,,
@tonde,@tonde,neutral,3.8704435543378155,0,,mismatch,,,,,,,,,,
@vagudo11,@vagudo11,positive,2.9509547310561643,1,,mismatch,,,,,,,,,,
@villageman263,@villageman263,neutral,4.3558703815080575,0,,mismatch,,,,,,,,,,
@wezhex,@wezhex,negative,1.903807662450311,-1,,mismatch,,,,,,,,,,
@whatsup,@whatsup,neutral,4.092835975674263,0,,mismatch,,,,,,,,,,
@yellowzimbabwe,@yellowzimbabwe,negative,1.903807662450311,-1,,mismatch,,,,,,,,,,
@zimta01,@zimta01,positive,3.14359980899856,1,,mismatch,,,,,,,,,,
@zse,@Zse,positive,3.14359980899856,1,,mismatch,,,,,,,,,,
@zwolugazwothed,@zwolugazwothed,neutral,4.355870381508057,0,,mismatch,,,,,,,,,,
abuser,abuser,negative,1.903807662450311,-1,,mismatch,,,,,,,,,,
achahwina,will win,positive,3.1435998089985606,1,,mismatch,,,,,,,,,,
acharamba,will remain,positive,3.14359980899856,1,,mismatch,,,,,,,,,,
achitadza,sinning,negative,1.903807662450311,-1,,mismatch,,,,,,,,,,
adeepisa,adepisa,negative,1.903807662450311,-1,,mismatch,,,,,,,,,,
adzingwa,is dismissed,neutral,4.092835975674263,0,,mismatch,,,,,,,,,,
agadzirise,correct,negative,1.903807662450311,-1,,mismatch,,,,,,,,,,
agent,agent,negative,1.903807662450311,-1,,mismatch,,,,,,,,,,
ahead,ahead,positive,3.14359980899856,1,,mismatch,,,,,,,,,,
ain,ain,negative,1.903807662450311,-1,,mismatch,,,,,,,,,,
aitwa,was made,neutral,4.13347796017161,0,,mismatch,,,,,,,,,,
akafanana,the same,neutral,3.9408328822292136,0,1.0,mismatch,The same,Pareil,Zvimwe chete,Okufanayo,Enjalo,Dieselfde,E tšoanang,4.0,Positif,Mot
akahwina,he won,positive,2.9509547310561643,1,,mismatch,,,,,,,,,,
akajeka,it is clear,positive,3.14359980899856,1,,mismatch,,,,,,,,,,
akakundikana,failed,positive,2.8805654031647667,1,1.0,match,Failed,  Echoué,Yakundikana,Yehlulekile,Ayiphumelelanga,Misluk,Paletšwe,3.0,Positif,Mot
akakundikana,failed,positive,2.8805654031647667,1,-1.0,mismatch,Failed,Echoué,Yakundikana,Yehlulekile,Ayiphumelelanga,Misluk,E hlotsoe,-1.0,Negatif,Verbe
akakundikana,failed,positive,2.8805654031647667,1,1.0,match,Failed,Echoué,Yakundikana,Yehlulekile,Ayiphumelelanga,Misluk,E hlotsoe,1.0,Positif,Verbe
akangofanana,he's just the same,negative,1.903807662450311,-1,,mismatch,,,,,,,,,,
akanyarara,quiet,neutral,4.092835975674263,0,,mismatch,,,,,,,,,,
akapera,ended,negative,1.903807662450311,-1,,mismatch,,,,,,,,,,
akapfuma,he is rich,neutral,4.355870381508057,0,,mismatch,,,,,,,,,,
akapusa,stupid,negative,1.903807662450311,-1,,mismatch,,,,,,,,,,
akaromba,she rocked,negative,1.903807662450311,-1,,mismatch,,,,,,,,,,
akarwa,fought,neutral,4.092835975674263,0,,mismatch,,,,,,,,,,
akatadza,he failed,neutral,4.163225303565661,0,,mismatch,,,,,,,,,,
akataurirwa,was told,neutral,3.8704435543378155,0,,mismatch,,,,,,,,,,
akuna,No,neutral,4.092835975674263,0,,mismatch,,,,,,,,,,
akusi,It's not,neutral,3.8704435543378155,0,,mismatch,,,,,,,,,,
akutonzi,utichi,negative,1.903807662450311,-1,,mismatch,,,,,,,,,,
amo,amo,positive,3.14359980899856,1,,mismatch,,,,,,,,,,
ando,ando,positive,2.973674807556248,1,,mismatch,,,,,,,,,,
andy,andy,positive,2.9509547310561643,1,,mismatch,,,,,,,,,,
anedzungu,Show,negative,1.903807662450311,-1,,mismatch,,,,,,,,,,
anemakore,she is a cloudy,neutral,4.092835975674263,0,,mismatch,,,,,,,,,,
anobika,cooks,neutral,4.3558703815080575,0,,mismatch,,,,,,,,,,
anodhura,is expensive,negative,1.903807662450311,-1,,mismatch,,,,,,,,,,
anokunda,wins,positive,3.1435998089985606,1,,mismatch,,,,,,,,,,
anonwa,drinking,neutral,4.355870381508057,0,,mismatch,,,,,,,,,,
anonyepa,he is lying,negative,1.903807662450311,-1,,mismatch,,,,,,,,,,
anosvika,up to,positive,2.9212073876621125,1,,mismatch,,,,,,,,,,
anytime,anytime,neutral,3.8704435543378155,0,,mismatch,,,,,,,,,,
apartment,apartment,positive,2.973674807556248,1,,mismatch,,,,,,,,,,
area,area,positive,2.9212073876621125,1,1.0,match,area,aire,nharaunda,indawo,indawo,area,Sebaka,3.0,Positif,Mot
area,area,positive,2.9212073876621125,1,0.0,mismatch,Area,Aire,Nharaunda,Indawo,Indawo,Area,Sebaka,0.0,Neutre,Mot
arikupi,where is he,neutral,4.092835975674263,0,,mismatch,,,,,,,,,,
arikurova,he is striking,positive,3.1435998089985606,1,,mismatch,,,,,,,,,,
asingazive,unconscious,negative,1.903807662450311,-1,,mismatch,,,,,,,,,,
atadza,has failed,negative,1.903807662450311,-1,,mismatch,,,,,,,,,,
atone,atone,positive,3.1435998089985606,1,,mismatch,,,,,,,,,,
attacking,attacking,neutral,4.163225303565661,0,,mismatch,,,,,,,,,,
auction,auction,neutral,3.9408328822292136,0,,mismatch,,,,,,,,,,
avalon,Avalon,positive,3.14359980899856,1,,mismatch,,,,,,,,,,
avenue,avenue,positive,2.9915967155535106,1,,mismatch,,,,,,,,,,
award,award,neutral,4.355870381508057,0,,mismatch,,,,,,,,,,
aye,aye,neutral,4.066363764313072,0,,mismatch,,,,,,,,,,
banking,banking,neutral,3.8704435543378155,0,,mismatch,,,,,,,,,,
bans,bans,neutral,4.13347796017161,0,,mismatch,,,,,,,,,,
bbe,bbe,negative,1.903807662450311,-1,,mismatch,,,,,,,,,,
beat,beat,positive,2.9212073876621125,1,1.0,match,Beat,Battre,Kurova,Shaya,Ukubetha,Slag,Otla,4.0,Positif,Mot
bhule,bhule,positive,3.1435998089985606,1,,mismatch,,,,,,,,,,
billion,billion,negative,1.903807662450311,-1,,mismatch,,,,,,,,,,
blaming,blaming,positive,2.8805654031647667,1,,mismatch,,,,,,,,,,
blind,blind,negative,1.903807662450311,-1,-1.0,match,Blind,Aveugle,Bofu,-Ngaboniyo,Ukungaboni,Blind,E foufetse,-6.0,Negatif,Mot
bloody,bloody,negative,1.903807662450311,-1,,mismatch,,,,,,,,,,
bodo,will,positive,3.0060962852486255,1,1.0,match,will,volonter,kuda,isifiso,iya,begeerte,thato,3.0,Positif,Mot
bodo,will,positive,3.0060962852486255,1,0.0,mismatch,will,testament,kuda,isifiso,iya,begeerte,thato,0.0,neutrre ,Mot
bodo,will,positive,3.0060962852486255,1,1.0,match,Will,Volonté,Kuda,Isifiso,Iya,Begeerte,Thato,4.77272727272727,Positif,Mot
bodo,will,positive,3.0060962852486255,1,1.0,match,Will,Volonté,Kuda,Isifiso,Iya,Begeerte,Thato,7.0,Positif,Mot
bonyora,bother,negative,1.903807662450311,-1,,mismatch,,,,,,,,,,
bra,bra,positive,3.14359980899856,1,,mismatch,,,,,,,,,,
bread,bread,positive,3.1435998089985606,1,1.0,match,bread,pain,chingwa,isinkwa,isonka,brood,Bohobe,1.0,Positif,Mot
brooke,brooke,positive,3.1435998089985606,1,,mismatch,,,,,,,,,,
buat,create,neutral,4.3558703815080575,0,1.0,mismatch,create,créer,gadzira,dala,dala,skep,theha,1.0,Positif,Verbe
buat,create,neutral,4.3558703815080575,0,1.0,mismatch,create,créer,gadzira,dala,dala,skep,theha,6.0,Positif,Verbe
buat,create,neutral,4.3558703815080575,0,0.0,match,Create,Créer,Gadzira,Dala,Dala,Skep,Theha,0.0,Neutre,Mot
buat,create,neutral,4.3558703815080575,0,1.0,mismatch,Create,Créer,Gadzira,Dala,Dala,Skep,Theha,9.0,Positif,Verbe
budiriro,success,positive,2.973674807556248,1,,mismatch,,,,,,,,,,
bulilima,Bulalalima,positive,3.1435998089985606,1,,mismatch,,,,,,,,,,
buri,buri,neutral,4.092835975674263,0,,mismatch,,,,,,,,,,
butcheries,butcheries,positive,3.14359980899856,1,,mismatch,,,,,,,,,,
candy,candy,positive,2.9915967155535106,1,,mismatch,,,,,,,,,,
ccczimbabwe,CCCCGAH,negative,1.903807662450311,-1,,mismatch,,,,,,,,,,
chairi,chairi,negative,1.903807662450311,-1,,mismatch,,,,,,,,,,
chaita,it has done,positive,2.8805654031647667,1,,mismatch,,,,,,,,,,
chakanaka,good,positive,3.14359980899856,1,1.0,match,Good,bonne,Kugona,Kuhle ngokuncomekayo,Kulungile,Goed,E ntle,3.0,Positif,Mot
chakanaka,good,positive,3.14359980899856,1,1.0,match,GOOD,bien,KUGONA,Kuhle ngokuncomekayo,KULUNGILE,Goed,E ntle,1.0,Positif,Mot
chakanaka,good,positive,3.14359980899856,1,1.0,match,GOOD,Bien,KUGONA,Kuhle ngokuncomekayo,KULUNGILE,Goed,E ntle,7.54545454545454,Positif,Mot
chakanaka,good,positive,3.14359980899856,1,1.0,match,Good,Bon,Kugona,Kuhle ngokuncomekayo,Kulungile,Goed,E ntle,8.0,Positif,Mot
chakazara,full,neutral,4.092835975674263,0,1.0,mismatch,Full,Plein,Izere,-Gcwele,Igcwele,Vol,E tletse,6.0,Positif,Mot
chakazara,full,neutral,4.092835975674263,0,0.0,match,full,plein,izere,-gcwele,igcwele,vol,e tletse,0.0,Neutre,Mot
chakazara,full,neutral,4.092835975674263,0,0.0,match,full,plein,izere,-gcwele,igcwele,vol,e tletse,0.0,Neutre,Mot
chakazara,full,neutral,4.092835975674263,0,1.0,mismatch,Full,Plein,Izere,-Gcwele,Igcwele,Vol,E tletse,6.0,Positif,Mot
channel,channel,positive,3.14359980899856,1,1.0,match,Channel,Canal,Chiteshi,Insungubezi,Ijelo,Waterloop,Channel,5.0,Positif,Mot
channel,channel,positive,3.14359980899856,1,1.0,match,channel,chenal,chiteshi,insungubezi,ijelo,waterloop,Channel,7.0,Positif,Mot
charity,charity,negative,1.903807662450311,-1,-1.0,match,charity,charité,Charity,umhawu,ububele,liefdadigheid,Charity,-3.0,Negatif,Mot
chavanofunga,what they think,negative,1.903807662450311,-1,,mismatch,,,,,,,,,,
cheat,cheat,negative,1.903807662450311,-1,,mismatch,,,,,,,,,,
chegumi,tenth,positive,3.14359980899856,1,,mismatch,,,,,,,,,,
cheku,of,negative,1.903807662450311,-1,0.0,mismatch,of,de,of,iwa-,ye,van,tsa,0.0,Neutre,Article
cheku,of,negative,1.903807662450311,-1,0.0,mismatch,of,de,of,iwa-,ye,van,tsa,0.0,Neutre,Mot
chezimbabwe,of Zimbabwe,positive,2.973674807556248,1,,mismatch,,,,,,,,,,
chibhoyi,a goy,neutral,3.8704435543378155,0,,mismatch,,,,,,,,,,
chichauraya,chichauraya,negative,1.903807662450311,-1,,mismatch,,,,,,,,,,
chigodo,a jealousy,neutral,4.3558703815080575,0,,mismatch,,,,,,,,,,
chiii,what,negative,1.9038076624503113,-1,,mismatch,,,,,,,,,,
chikomba,the bride,positive,3.1435998089985606,1,,mismatch,,,,,,,,,,
chimoko,it is,negative,1.903807662450311,-1,,mismatch,,,,,,,,,,
chimukai,arise,negative,1.9038076624503113,-1,0.0,mismatch,Arise,Surgir,Simuka,Sukuma,Vuka,Opstaan,Hlaha,0.0,Neutre,Verbe
chimukai,arise,negative,1.9038076624503113,-1,0.0,mismatch,Arise,Surgir,Simuka,Sukuma,Vuka,Opstaan,Hlaha,0.0,Neutre,Verbe
chimukai,arise,negative,1.9038076624503113,-1,0.0,mismatch,Arise,Surgir,Simuka,Sukuma,Vuka,Opstaan,Hlaha,0.0,Neutre,Verbe
chinoita,makes,positive,3.1435998089985606,1,,mismatch,,,,,,,,,,
chirega,stop,negative,1.903807662450311,-1,1.0,mismatch,Stop,Arrêter,Mira,Ima,Yeka,Stop,Ema,4.0,Positif,Mot
chirega,stop,negative,1.903807662450311,-1,-1.0,match,Stop,Arrêter,Mira,Ima,Yeka,Stop,Ema,-5.0,Negatif,Mot
chirongwa,a plan,positive,3.14359980899856,1,,mismatch,,,,,,,,,,
chivanhu,people,positive,3.14359980899856,1,1.0,match,people,gens,vanhu,abantu,abantu,mense,batho,1.0,Positif,Mot
chivanhu,people,positive,3.14359980899856,1,1.0,match,people,lesgens,vanhu,abantu,abantu,mense,batho,4.0,Positif,Mot
chivanhu,people,positive,3.14359980899856,1,0.0,mismatch,People,Peuple,Vanhu,Abantu,Abantu,Mense,Batho,0.0,Neutre,Mot
chivanhu,people,positive,3.14359980899856,1,1.0,match,People,Peuple,Vanhu,Abantu,Abantu,Mense,Batho,4.0,Positif,Mot
chivanhu,people,positive,3.14359980899856,1,0.0,mismatch,People,Gens,Vanhu,Abantu,Abantu,Mense,Batho,0.0,Neutre,Mot
chivanhu,people,positive,3.14359980899856,1,1.0,match,People,Peuple,Vanhu,Abantu,Abantu,Mense,Batho,5.0,Positif,Mot
chivharo,cover,neutral,4.092835975674263,0,1.0,mismatch,cover,couvrir,chifukidzo,mbathisa,ikhava,bedekking,Koahela,4.0,Positif,Verbe
chokuba,to steal,negative,1.903807662450311,-1,,mismatch,,,,,,,,,,
chopenga,crazy,neutral,4.092835975674263,0,1.0,mismatch,crazy,foué,kupenga,-phambene,razy,mal,hlanya,3.0,Positif,Mot
christ,christ,negative,1.903807662450311,-1,,mismatch,,,,,,,,,,
cluster,cluster,positive,3.14359980899856,1,,mismatch,,,,,,,,,,
cold,cold,positive,2.9212073876621125,1,1.0,match,Cold,Froid,Kutonhora,Ukubanda,Kubanda,Koud,Cold,1.0,Positif,Verbe
cold,cold,positive,2.9212073876621125,1,1.0,match,Cold,Froid,Kutonhora,Ukubanda,Kubanda,Koud,Cold,1.0,Positif,Mot
cold,cold,positive,2.9212073876621125,1,1.0,match,Cold,Froid,Kutonhora,Ukubanda,Kubanda,Koud,Cold,2.0,Positif,Mot
cold,cold,positive,2.9212073876621125,1,0.0,mismatch,cold,froid,kutonhora,ukubanda,kubanda,koud,Cold,0.0,Neutre,Mot
cold,cold,positive,2.9212073876621125,1,-1.0,mismatch,Cold,Froid,Kutonhora,Ukubanda,Kubanda,Koud,Cold,-4.0,Negatif,Mot
college,college,positive,2.9509547310561643,1,,mismatch,,,,,,,,,,
common,common,positive,3.1435998089985606,1,0.0,mismatch,Common,Commun,Zvakajairika,-Jwayelekile,Eqhelekileyo,Algemeen,Tloaelehileng,0.0,Neutre,Mot
condevproperty,condevproperty,positive,2.973674807556248,1,,mismatch,,,,,,,,,,
confessions,confessions,negative,1.903807662450311,-1,,mismatch,,,,,,,,,,
congrats,congrats,positive,3.1435998089985606,1,,mismatch,,,,,,,,,,
context,context,neutral,3.9408328822292136,0,,mismatch,,,,,,,,,,
cottage,cottage,positive,3.14359980899856,1,-1.0,mismatch,cottage,chalet,imba yekutandarira,indlwana ikotishi,i-cottage,kothuis,ntlo ea matlo,-6.0,Negatif,Mot
cottage,cottage,positive,3.14359980899856,1,-1.0,mismatch,cottage,chaumière,imba yekutandarira,indlwana ikotishi,i-cottage,kothuis,ntlo ea matlo,-5.0,Negatif,Mot
coventry,coventry,negative,1.903807662450311,-1,,mismatch,,,,,,,,,,
cr7,cr7,neutral,4.092835975674263,0,,mismatch,,,,,,,,,,
cyber,cyber,positive,3.1435998089985606,1,,mismatch,,,,,,,,,,
damn,damn,neutral,4.092835975674263,0,,mismatch,,,,,,,,,,
davi,davi,negative,1.903807662450311,-1,,mismatch,,,,,,,,,,
deadly,deadly,neutral,3.8704435543378155,0,,mismatch,,,,,,,,,,
december,december,positive,3.0060962852486255,1,0.0,mismatch,December,Décembre,Zvita,UDisemba,EtiMnga,Desember,December,0.0,Neutre,Mois
define,define,neutral,3.8704435543378155,0,,mismatch,,,,,,,,,,
dhodhi,dhoti,negative,1.903807662450311,-1,,mismatch,,,,,,,,,,
diaries,diaries,neutral,4.13347796017161,0,,mismatch,,,,,,,,,,
direct,direct,neutral,3.8704435543378155,0,1.0,mismatch,direct,diriger,zvakananga,qondisa,ngqo,dirigeer,Tsamaisa ka kotloloho,2.0,Positif,Verbe
district,district,positive,2.9509547310561643,1,,mismatch,,,,,,,,,,
dj,dj,neutral,3.993300302123349,0,,mismatch,,,,,,,,,,
double,double,neutral,3.8704435543378155,0,1.0,mismatch,Double,Double,Kaviri,-Bili,Phinda kabini,Dubbel,Habeli,4.0,Positif,Mot
double,double,neutral,3.8704435543378155,0,0.0,match,Double,Double,Kaviri,-Bili,Phinda kabini,Dubbel,Habeli,0.0,Neutre,Mot
double,double,neutral,3.8704435543378155,0,0.0,match,Double,Double,Kaviri,-Bili,Phinda kabini,Dubbel,Habeli,0.0,Neutre,Mot
drawing,drawing,neutral,4.3558703815080575,0,,mismatch,,,,,,,,,,
dreams,dreams,neutral,4.092835975674263,0,,mismatch,,,,,,,,,,
driving,driving,positive,3.14359980899856,1,,mismatch,,,,,,,,,,
dry,dry,positive,3.14359980899856,1,1.0,match,Dry,Sec,Kuoma,-Omile,Yomile,Afdroog,Omile,6.0,Positif,Mot
dry,dry,positive,3.14359980899856,1,-1.0,mismatch,Dry,Sec,Kuoma,-Omile,Yomile,Afdroog,Omile,-2.0,Negatif,Mot
dry,dry,positive,3.14359980899856,1,-1.0,mismatch,Dry,Sec,Kuoma,-Omile,Yomile,Afdroog,Omile,-2.0,Negatif,Mot
dry,dry,positive,3.14359980899856,1,-1.0,mismatch,Dry,Sec,Kuoma,-Omile,Yomile,Afdroog,Omile,-3.0,Negatif,Verbe
dry,dry,positive,3.14359980899856,1,-1.0,mismatch,Dry,Sécher,Kuoma,-Omile,Yomile,Afdroog,Omile,-3.0,Negatif,Verbe
dry,dry,positive,3.14359980899856,1,0.0,mismatch,Dry,Sécher,Kuoma,-Omile,Yomile,Afdroog,Omile,0.0,Neutre,Mot
dry,dry,positive,3.14359980899856,1,-1.0,mismatch,Dry,Sec,Kuoma,-Omile,Yomile,Afdroog,Omile,-4.0,Negatif,Mot
dry,dry,positive,3.14359980899856,1,1.0,match,Dry,Sécher,Kuoma,-Omile,Yomile,Afdroog,Omile,9.0,Positif,Verbe
duramazwi,dictionary,positive,3.14359980899856,1,,mismatch,,,,,,,,,,
dza,what,neutral,4.163225303565661,0,,mismatch,,,,,,,,,,
dzanga,were,negative,1.903807662450311,-1,,mismatch,,,,,,,,,,
dzekwababa,father,negative,1.903807662450311,-1,1.0,mismatch,father,père,baba,uyihlo,utata,vader,Ntate,3.0,Positif,Mot
dzekwababa,father,negative,1.903807662450311,-1,1.0,mismatch,Father, Père,Baba,Uyihlo,Utata,Vader,Papa,6.0,Positif,Mot
dzekwababa,father,negative,1.903807662450311,-1,1.0,mismatch,Father,Père,Baba,Uyihlo,Utata,Vader,Ntate,1.0,Positif,Mot
dzekwababa,father,negative,1.903807662450311,-1,1.0,mismatch,Father,Père,Baba,Uyihlo,Utata,Vader,Ntate,3.0,Positif,Mot
dzekwababa,father,negative,1.903807662450311,-1,-1.0,match,Father,Père,Baba,Uyihlo,Utata,Vader,Ntate,-3.0,Negatif,Mot
dzekwababa,father,negative,1.903807662450311,-1,1.0,mismatch,Father,Père,Baba,Uyihlo,Utata,Vader,Ntate,9.0,Positif,Mot
dzekwababa,father,negative,1.903807662450311,-1,1.0,mismatch,father,père,baba,uyihlo,utata,vader,Ntate,6.0,Positif,Mot
dzevamwe,of others,neutral,4.092835975674263,0,,mismatch,,,,,,,,,,
dzidzai,learn,neutral,4.163225303565661,0,1.0,mismatch,Learn,Apprendre,Dzidza,Funda,Funda,Leer,Ithute,4.0,Positif,Verbe
dzikamai,cough,neutral,4.13347796017161,0,1.0,mismatch,cough,toux,kukosora,khwehlela,ukukhohlela,hoes,Khohlela,1.0,Positif,Mot
dzinoti,they say,positive,2.9509547310561643,1,,mismatch,,,,,,,,,,
dzirimo,There are,neutral,3.8704435543378155,0,,mismatch,,,,,,,,,,
dziripo,are there,positive,2.9212073876621125,1,,mismatch,,,,,,,,,,
ecocash,ecocash,neutral,4.092835975674263,0,,mismatch,,,,,,,,,,
edzimba,houses,positive,2.9212073876621125,1,,mismatch,,,,,,,,,,
effort,effort,positive,2.9212073876621125,1,,mismatch,,,,,,,,,,
eharare,In Harare,positive,3.1435998089985606,1,,mismatch,,,,,,,,,,
ehee,hence,negative,1.903807662450311,-1,,mismatch,,,,,,,,,,
ejm,ehm,negative,1.903807662450311,-1,,mismatch,,,,,,,,,,
ekare,old,negative,1.903807662450311,-1,0.0,mismatch,old,vieux,chembere,-dala,mdala,ou,ea khale,0.0,Neutre,Mot
ekare,old,negative,1.903807662450311,-1,0.0,mismatch,old,vieux,chembere,-dala,mdala,ou,ea khale,0.0,Neutre,Mot
ekare,old,negative,1.903807662450311,-1,-1.0,match,Old,Vieux,Chembere,-Dala,Mdala,Ou,Ea khale,-1.0,Negatif,Mot
ekare,old,negative,1.903807662450311,-1,0.0,mismatch,Old,Vieux,Chembere,-Dala,Mdala,Ou,Ea khale,0.0,Neutre,Mot
ele,he,positive,3.14359980899856,1,0.0,mismatch,He,Il,Iye,Yena,Yena,Hy,He,0.0,Neutre,Mot
ele,he,positive,3.14359980899856,1,0.0,mismatch,he,il,iye,yena,yena,hy,He,0.0,Neutre,Mot
emunhumutapa,for a plot,positive,3.018068926914702,1,,mismatch,,,,,,,,,,
english,english,positive,3.1435998089985606,1,,mismatch,,,,,,,,,,
entry,entry,positive,3.14359980899856,1,,mismatch,,,,,,,,,,
esolar,esolar,positive,2.9212073876621125,1,,mismatch,,,,,,,,,,
evil,evil,negative,1.903807662450311,-1,,mismatch,,,,,,,,,,
example,example,positive,2.9212073876621125,1,1.0,match,example,exemple,Muenzaniso,isibonelo,umzekelo,voorbeeld,Mohlala,3.0,Positif,Mot
example,example,positive,2.9212073876621125,1,0.0,mismatch,example,exemple,Muenzaniso,isibonelo,umzekelo,voorbeeld,Mohlala,0.0,Neutre,Mot
example,example,positive,2.9212073876621125,1,0.0,mismatch,Example,Exemple,Muenzaniso,Isibonelo,Umzekelo,Voorbeeld,Mohlala,0.0,Neutre,Mot
example,example,positive,2.9212073876621125,1,1.0,match,Example,Exemple,Muenzaniso,Isibonelo,Umzekelo,Voorbeeld,Mohlala,6.0,Positif,Mot
explain,explain,neutral,3.8704435543378155,0,1.0,mismatch,explain,expliquer,tsanangura,chasisa,chaza,verduidelik,Hlalosa,4.0,Positif,Verbe
explain,explain,neutral,3.8704435543378155,0,1.0,mismatch,Explain,Expliquer,Tsanangura,Chasisa,Chaza,Verduidelik,Hlalosa,5.0,Positif,Verbe
explain,explain,neutral,3.8704435543378155,0,1.0,mismatch,explain,expliquer,tsanangura,chasisa,chaza,verduidelik,Hlalosa,4.0,Positif,Verbe
explain,explain,neutral,3.8704435543378155,0,1.0,mismatch,Explain,Expliquer,Tsanangura,Chasisa,Chaza,Verduidelik,Hlalosa,3.0,Positif,Mot
explain,explain,neutral,3.8704435543378155,0,-1.0,mismatch,Explain,Expliquer,Tsanangura,Chasisa,Chaza,Verduidelik,Hlalosa,-9.0,Negatif,Verbe
ezanu,ezani,negative,1.903807662450311,-1,,mismatch,,,,,,,,,,
f*ck,f*ck,negative,1.903807662450311,-1,,mismatch,,,,,,,,,,
fadzie,fursee,neutral,4.092835975674263,0,,mismatch,,,,,,,,,,
fans,fans,positive,3.14359980899856,1,,mismatch,,,,,,,,,,
female,female,neutral,4.355870381508057,0,0.0,match,Female,Femelle,Mukadzi,Insikazi,Umfazi,Vroulik,Basali,0.0,Neutre,Mot
female,female,neutral,4.355870381508057,0,1.0,mismatch,Female,Féminin,Mukadzi,Insikazi,Umfazi,Vroulik,Basali,2.0,Positif,
fish,fish,neutral,4.3558703815080575,0,1.0,mismatch,fish,poisson,hove,bhibhiya,intlanzi,visvang,Litlhapi,5.0,Positif,Mot
fish,fish,neutral,4.3558703815080575,0,1.0,mismatch,Fish,Poisson,Hove,Bhibhiya,Intlanzi,Visvang,Litlhapi,2.0,Positif,Mot
fish,fish,neutral,4.3558703815080575,0,0.0,match,Fish,Poisson,Hove,Bhibhiya,Intlanzi,Visvang,Litlhapi,0.0,Neutre,Mot
flat,flat,positive,3.14359980899856,1,1.0,match,Flat,Plat,Flat,Caba,Iflethi,Woonstel,Sephara,5.0,Positif,Mot
flat,flat,positive,3.14359980899856,1,0.0,mismatch,Flat,Plat,Flat,Caba,Iflethi,Woonstel,Sephara,0.0,Neutre,Mot
flat,flat,positive,3.14359980899856,1,0.0,mismatch,Flat,Plat,Flat,Caba,Iflethi,Woonstel,Sephara,0.0,Neutre,Mot
folks,folks,negative,1.903807662450311,-1,,mismatch,,,,,,,,,,
found,found,neutral,3.8704435543378155,0,1.0,mismatch,Found,Fonder,Kuwanikwa,-Lingene,Ifunyenwe,Gevind,E fumanoe,3.0,Positif,Verbe
fun,fun,neutral,3.9408328822292136,0,1.0,mismatch,fun,amisement,kunakidzwa,ukuzijabulisa,kumnandi,pret,monate,1.0,Positif,Mot
gafa,genealogy,positive,2.895672295554975,1,1.0,match,Genealogy,Généalogie,Genealogy,Kohluzo,Umlibo,Geslagsregister,Leloko,7.0,Positif,Mot
gafa,genealogy,positive,2.895672295554975,1,0.0,mismatch,Genealogy,Généalogie,Genealogy,Kohluzo,Umlibo,Geslagsregister,Leloko,0.0,Neutre,Mot
gafa,genealogy,positive,2.895672295554975,1,1.0,match,Genealogy,Généalogie,Genealogy,Kohluzo,Umlibo,Geslagsregister,Leloko,2.0,Positif,Mot
gaga,gaga,neutral,4.092835975674263,0,,mismatch,,,,,,,,,,
gardens,gardens,positive,3.1435998089985606,1,,mismatch,,,,,,,,,,
gateway,gateway,positive,2.9212073876621125,1,,mismatch,,,,,,,,,,
gave,gave,positive,2.9509547310561643,1,1.0,match,gave,adonné,akapa,unikele,unike,gegee,fa,2.0,Positif,Mot
gave,gave,positive,2.9509547310561643,1,-1.0,mismatch,Gave,Adonné,Akapa,Unikele,Unike,Gegee,Fa,-4.0,Negatif,Mot
gedhi,gate,positive,2.8805654031647667,1,,mismatch,,,,,,,,,,
gem,gem,negative,1.9038076624503113,-1,,mismatch,,,,,,,,,,
gochi,The action is done,positive,3.14359980899856,1,,mismatch,,,,,,,,,,
gondo,eagle,negative,1.903807662450311,-1,1.0,mismatch,Eagle,Aigle,Eagle,Ukhozi,Ukhozi,Arend,Ntsu,7.0,Positif,Mot
gondo,eagle,negative,1.903807662450311,-1,1.0,mismatch,Eagle,Aigle,Eagle,Ukhozi,Ukhozi,Arend,Ntsu,2.0,Positif,Mot
gondo,eagle,negative,1.903807662450311,-1,-1.0,match,eagle,aigle,Eagle,ukhozi,ukhozi,arend,ntsu,-2.0,Negatif,Mot
gondo,eagle,negative,1.903807662450311,-1,1.0,mismatch,eagle,aigle,Eagle,ukhozi,ukhozi,arend,ntsu,7.0,Positif,Mot
gondo,eagle,negative,1.903807662450311,-1,-1.0,match,Eagle,Aigle,Eagle,Ukhozi,Ukhozi,Arend,Ntsu,-2.0,Negatif,Mot
gondo,eagle,negative,1.903807662450311,-1,1.0,mismatch,Eagle,Aigle,Eagle,Ukhozi,Ukhozi,Arend,Ntsu,5.0,Positif,Mot
gone,gone,neutral,3.9408328822292136,0,,mismatch,,,,,,,,,,
guka,applied,negative,1.903807662450311,-1,,mismatch,,,,,,,,,,
gully,gully,negative,1.9038076624503113,-1,,mismatch,,,,,,,,,,
gumiguru,October,positive,2.9212073876621125,1,0.0,mismatch,October,Octobre,Gumiguru,U-Okthoba,EyeDwarha,Oktober,Mphalane,0.0,Neutre,Mois
gutsa,satisfy,neutral,3.8704435543378155,0,1.0,mismatch,Satisfy,Satisfaire,Kugutsa,Gculisa,Yanelisa,Tevrede stel,Khotsofatsa,3.0,Positif,Mot
gutsa,satisfy,neutral,3.8704435543378155,0,1.0,mismatch,Satisfy,Rassasier,Kugutsa,Gculisa,Yanelisa,Tevrede stel,Khotsofatsa,3.0,Positif,Mot
gutsa,satisfy,neutral,3.8704435543378155,0,1.0,mismatch,Satisfy,Rassasier,Kugutsa,Gculisa,Yanelisa,Tevrede stel,Khotsofatsa,4.0,Positif,Verbe
gwanda,papaka,positive,2.9915967155535106,1,,mismatch,,,,,,,,,,
gwetengwe,the corner,neutral,4.092835975674263,0,,mismatch,,,,,,,,,,
haapo,is not there,negative,1.903807662450311,-1,,mismatch,,,,,,,,,,
hacho,it is,negative,1.903807662450311,-1,,mismatch,,,,,,,,,,
haikwane,does not fit,neutral,4.163225303565661,0,,mismatch,,,,,,,,,,
hair,hair,positive,2.9212073876621125,1,1.0,match,Hair,Cheveux,Bvudzi,Uboya,Iinwele,Haar,Moriri,2.0,Positif,Mot
hair,hair,positive,2.9212073876621125,1,1.0,match,hair,cheveu,bvudzi,uboya,iinwele,haar,moriri,3.0,Positif,Mot
hair,hair,positive,2.9212073876621125,1,1.0,match,hair,cheveux,bvudzi,uboya,iinwele,haar,moriri,3.0,Positif,Mot
hair,hair,positive,2.9212073876621125,1,1.0,match,hair,cheveux,bvudzi,uboya,iinwele,haar,moriri,5.0,Positif,Mot
hair,hair,positive,2.9212073876621125,1,1.0,match,hair,cheveux,bvudzi,uboya,iinwele,haar,moriri,2.0,Positif,Mot
hair,hair,positive,2.9212073876621125,1,1.0,match,Hair,Cheveu,Bvudzi,Uboya,Iinwele,Haar,Moriri,1.0,Positif,Mot
hair,hair,positive,2.9212073876621125,1,1.0,match,Hair,Cheveu,Bvudzi,Uboya,Iinwele,Haar,Moriri,1.0,Positif,Mot
hair,hair,positive,2.9212073876621125,1,1.0,match,Hair,Cheveux,Bvudzi,Uboya,Iinwele,Haar,Moriri,6.0,Positif,Mot
hair,hair,positive,2.9212073876621125,1,1.0,match,Hair,Cheveux,Bvudzi,Uboya,Iinwele,Haar,Moriri,3.0,Positif,Mot
hair,hair,positive,2.9212073876621125,1,1.0,match,Hair,Cheveu,Bvudzi,Uboya,Iinwele,Haar,Moriri,2.0,Positif,Mot
hair,hair,positive,2.9212073876621125,1,1.0,match,hair,cheuveux,bvudzi,uboya,iinwele,haar,moriri,3.0,Positif,Mot
hair,hair,positive,2.9212073876621125,1,1.0,match,hair,cheveux,bvudzi,uboya,iinwele,haar,moriri,1.0,Positif,Mot
hair,hair,positive,2.9212073876621125,1,1.0,match,hair,cheveux,bvudzi,uboya,iinwele,haar,moriri,2.0,Positif,Mot
hair,hair,positive,2.9212073876621125,1,1.0,match,Hair,Cheveux,Bvudzi,Uboya,Iinwele,Haar,Moriri,4.0,Positif,Mot
hair,hair,positive,2.9212073876621125,1,0.0,mismatch,hair,cheveux,bvudzi,uboya,iinwele,haar,moriri,0.0,Neutre,Mot 
hair,hair,positive,2.9212073876621125,1,0.0,mismatch,hair,chevelure,bvudzi,uboya,iinwele,haar,moriri,0.0,Neutre,Mot
hair,hair,positive,2.9212073876621125,1,1.0,match,hair,cheveu,bvudzi,uboya,iinwele,haar,moriri,5.0,Positif,Mot
hair,hair,positive,2.9212073876621125,1,0.0,mismatch,Hair,Poil,Bvudzi,Uboya,Iinwele,Haar,Moriri,0.0,Neutre,Mot
haite,packs,negative,1.903807662450311,-1,,mismatch,,,,,,,,,,
half,half,neutral,3.8704435543378155,0,0.0,match,Half,Moitié,Hafu,Uhlangothi,Isiqingatha,Half,Halofo,0.0,Negatif,Mot
half,half,neutral,3.8704435543378155,0,0.0,match,Half,Moitié,Hafu,Uhlangothi,Isiqingatha,Half,Halofo,0.0,Neutre,Mot
half,half,neutral,3.8704435543378155,0,0.0,match,Half,Moitié,Hafu,Uhlangothi,Isiqingatha,Half,Halofo,0.0,Neutre,Mot
hamudi,you don't,negative,1.903807662450311,-1,,mismatch,,,,,,,,,,
handsome,handsome,positive,3.14359980899856,1,,mismatch,,,,,,,,,,
hapanawo,There is nothing,negative,1.903807662450311,-1,,mismatch,,,,,,,,,,
harry,harry,neutral,4.092835975674263,0,,mismatch,,,,,,,,,,
hatfield,hatfield,positive,3.14359980899856,1,,mismatch,,,,,,,,,,
hatimire,hatimire,neutral,4.3558703815080575,0,,mismatch,,,,,,,,,,
hatisikumira,we do not look,positive,3.14359980899856,1,,mismatch,,,,,,,,,,
hauwani,hawani,neutral,3.8704435543378155,0,,mismatch,,,,,,,,,,
havafanire,they should not,neutral,3.8704435543378155,0,,mismatch,,,,,,,,,,
havatani,they do not,neutral,4.092835975674263,0,,mismatch,,,,,,,,,,
havazive,they don't know,positive,2.9212073876621125,1,,mismatch,,,,,,,,,,
hayi,No,neutral,3.9408328822292136,0,,mismatch,,,,,,,,,,
hazvipere,it does not end,negative,1.903807662450311,-1,,mismatch,,,,,,,,,,
heeee,heeee,negative,1.903807662450311,-1,,mismatch,,,,,,,,,,
hicc,hicc,positive,2.9831351368053145,1,,mismatch,,,,,,,,,,
highfield,highfield,positive,3.1435998089985606,1,,mismatch,,,,,,,,,,
hiv,hiv,negative,1.903807662450311,-1,,mismatch,,,,,,,,,,
hofisi,office,positive,3.14359980899856,1,,mismatch,,,,,,,,,,
horny,horny,negative,1.903807662450311,-1,,mismatch,,,,,,,,,,
humbimbindoga,losebindoga,negative,1.903807662450311,-1,,mismatch,,,,,,,,,,
humbula,cuggle,negative,1.903807662450311,-1,,mismatch,,,,,,,,,,
hunters,hunters,neutral,3.8704435543378155,0,,mismatch,,,,,,,,,,
hwavo,their,negative,1.903807662450311,-1,,mismatch,,,,,,,,,,
hwema,the,positive,3.1435998089985606,1,,mismatch,,,,,,,,,,
icha,icha,positive,3.1435998089985606,1,,mismatch,,,,,,,,,,
ichienda,it goes,negative,1.903807662450311,-1,,mismatch,,,,,,,,,,
ichikupa,gives you,positive,3.14359980899856,1,,mismatch,,,,,,,,,,
ichinzi,is called,neutral,4.092835975674263,0,,mismatch,,,,,,,,,,
ichiri,it is still,negative,1.903807662450311,-1,,mismatch,,,,,,,,,,
ichoo,itor,negative,1.903807662450311,-1,,mismatch,,,,,,,,,,
iharare,is izarare,positive,3.14359980899856,1,,mismatch,,,,,,,,,,
imbudzi,a goat,positive,3.14359980899856,1,,mismatch,,,,,,,,,,
imf,imf,negative,1.903807662450311,-1,,mismatch,,,,,,,,,,
imhata,import,neutral,3.8704435543378155,0,,mismatch,,,,,,,,,,
imhosva,it is a crime,negative,1.903807662450311,-1,,mismatch,,,,,,,,,,
imika,now,negative,1.903807662450311,-1,,mismatch,,,,,,,,,,
imombe,beam,neutral,3.9408328822292136,0,0.0,match,Beam,Poutre,Danda,Usebe lokukhanya,I-beam,Balk,Beam,0.0,Neutre,Mot
industrial,industrial,positive,2.9915967155535106,1,,mismatch,,,,,,,,,,
ingawani,can be,negative,1.903807662450311,-1,,mismatch,,,,,,,,,,
inonaka,delicious,positive,3.1435998089985606,1,,mismatch,,,,,,,,,,
inorarama,lives,negative,1.903807662450311,-1,,mismatch,,,,,,,,,,
inosara,remains,neutral,4.092835975674263,0,1.0,mismatch,Remains,Dépouille,Zvinoramba,Inqobe,Idubile,Oorskot,Masalla,2.0,Positif,Mot
inosara,remains,neutral,4.092835975674263,0,-1.0,mismatch,Remains,Dépouille,Zvinoramba,Inqobe,Idubile,Oorskot,Masalla,-6.0,Negatif,Mot
inotengeswa,is sold,positive,3.1435998089985606,1,,mismatch,,,,,,,,,,
inovava,becomes,negative,1.903807662450311,-1,,mismatch,,,,,,,,,,
insiza,service,positive,3.14359980899856,1,1.0,match,Service,Service,Sevhisi,Ukusebenzela,Inkonzo,Versiening,Tshebeletso,2.0,Positif,Mot
instead,instead,positive,2.9212073876621125,1,,mismatch,,,,,,,,,,
interchange,interchange,positive,2.8805654031647667,1,,mismatch,,,,,,,,,,
intern,intern,positive,3.14359980899856,1,,mismatch,,,,,,,,,,
inzwa,senseless,positive,3.14359980899856,1,,mismatch,,,,,,,,,,
ishe,Lord,positive,2.9509547310561643,1,1.0,match,Lord,Seigneur,Ishe,Ungqongqoshe,Nkosi,Heer,Lord,2.0,Positif,Mot
ishe,Lord,positive,2.9509547310561643,1,1.0,match,Lord,Seigneur,Ishe,Ungqongqoshe,Nkosi,Heer,Lord,7.0,Positif,Mot
ishe,Lord,positive,2.9509547310561643,1,1.0,match,Lord,Seigneur,Ishe,Ungqongqoshe,Nkosi,Heer,Lord,2.0,Positif,Nom
ishe,Lord,positive,2.9509547310561643,1,1.0,match,Lord,Seigneur,Ishe,Ungqongqoshe,Nkosi,Heer,Lord,2.0,Positif,Nom
ishe,Lord,positive,2.9509547310561643,1,1.0,match,Lord,Seigneur,Ishe,Ungqongqoshe,Nkosi,Heer,Lord,2.0,Positif,Nom
ishe,Lord,positive,2.9509547310561643,1,1.0,match,Lord,Seigneur,Ishe,Ungqongqoshe,Nkosi,Heer,Lord,2.0,Positif,Nom
ishe,Lord,positive,2.9509547310561643,1,1.0,match,Lord,Seigneur,Ishe,Ungqongqoshe,Nkosi,Heer,Lord,3.0,Positif,Mot
jani,jani,neutral,4.092835975674263,0,,mismatch,,,,,,,,,,
jnr,jnr,neutral,4.092835975674263,0,,mismatch,,,,,,,,,,
joji,Joji,positive,3.1435998089985606,1,,mismatch,,,,,,,,,,
jongwe,cock,neutral,4.092835975674263,0,,mismatch,,,,,,,,,,
kake,you are,neutral,4.092835975674263,0,,mismatch,,,,,,,,,,
kamari,yesterday,negative,1.903807662450311,-1,1.0,mismatch,Yesterday,Hier,Nezuro,Izolo,Izolo,Gister,Maobane,9.0,Positif,Mot
kamuri,room,positive,3.1435998089985606,1,0.0,mismatch,Room,Salle,Kamuri,Ikamelo,Igumbi,Kamer,Kamore,0.0,Neutre,Mot
kimmich,kimmich,neutral,4.355870381508057,0,,mismatch,,,,,,,,,,
kings,kings,positive,2.9091345553615375,1,,mismatch,,,,,,,,,,
korea,korea,positive,3.0366846050820486,1,,mismatch,,,,,,,,,,
kubhadara,bidara,negative,1.9038076624503113,-1,,mismatch,,,,,,,,,,
kubhaibheri,to the Bible,neutral,4.3558703815080575,0,,mismatch,,,,,,,,,,
kubvuma,to accept,negative,1.903807662450311,-1,,mismatch,,,,,,,,,,
kudonhedza,drop,neutral,4.092835975674263,0,,mismatch,,,,,,,,,,
kudzie,to sleep,positive,2.8805654031647667,1,1.0,match,To sleep,Coucher,Kurara,Ukulala,Ukulala,Om te slaap,Ho robala,4.0,Positif,Mot
kudzie,to sleep,positive,2.8805654031647667,1,1.0,match,To sleep,Coucher,Kurara,Ukulala,Ukulala,Om te slaap,Ho robala,4.0,Positif,Mot
kudzokera,back,negative,1.903807662450311,-1,1.0,mismatch,back,retour,kumashure,-dlulile,umva,agter,Khutlela,3.0,Positif,Mot
kudzokera,back,negative,1.903807662450311,-1,1.0,mismatch,back,dos,kumashure,-dlulile,umva,agter,Khutlela,3.0,Positif,Mot
kudzokera,back,negative,1.903807662450311,-1,1.0,mismatch,Back,Dos,Kumashure,-Dlulile,Umva,Agter,Khutlela,1.0,Positif,Mot
kudzokera,back,negative,1.903807662450311,-1,1.0,mismatch,Back,Dos,Kumashure,-Dlulile,Umva,Agter,Khutlela,1.0,Positif,Mot
kudzokera,back,negative,1.903807662450311,-1,1.0,mismatch,Back,Dos,Kumashure,-Dlulile,Umva,Agter,Khutlela,1.0,Positif,Mot
kudzokera,back,negative,1.903807662450311,-1,1.0,mismatch,Back,Retour,Kumashure,-Dlulile,Umva,Agter,Khutlela,1.0,Positif,Mot
kudzokera,back,negative,1.903807662450311,-1,1.0,mismatch,Back,Dos,Kumashure,-Dlulile,Umva,Agter,Khutlela,1.0,Positif,Mot
kudzokera,back,negative,1.903807662450311,-1,1.0,mismatch,Back,Retour,Kumashure,-Dlulile,Umva,Agter,Khutlela,4.0,Positif,Mot
kudzokera,back,negative,1.903807662450311,-1,1.0,mismatch,Back,Retour,Kumashure,-Dlulile,Umva,Agter,Khutlela,5.0,Positif,Mot
kudzokera,back,negative,1.903807662450311,-1,1.0,mismatch,Back,Retour,Kumashure,-Dlulile,Umva,Agter,Khutlela,2.0,Positif,Mot
kudzorera,to retaliate,positive,2.9212073876621125,1,,mismatch,,,,,,,,,,
kuguma,the end,positive,3.14359980899856,1,,mismatch,,,,,,,,,,
kuhupenyu,to life,positive,3.1435998089985606,1,,mismatch,,,,,,,,,,
kuhwina,win,neutral,3.9408328822292136,0,1.0,mismatch,Win,Remporter,Kuhwina,Ukunqoba,Phumelela,Oorwinning,Win,4.0,Positif,Verbe
kujekesa,jecess,negative,1.903807662450311,-1,,mismatch,,,,,,,,,,
kukama,cucumbers,negative,1.903807662450311,-1,,mismatch,,,,,,,,,,
kukudza,honor,positive,2.9212073876621125,1,1.0,match,honor,honneur,kukudzwa,udumo,imbeko,eer,tlotla,2.0,Positif,Mot
kukudza,honor,positive,2.9212073876621125,1,1.0,match,Honor,Honneur,Kukudzwa,Udumo,Imbeko,Eer,Tlotla,4.0,Positif,Mot
kukuroora,marry you,positive,2.8805654031647667,1,,mismatch,,,,,,,,,,
kumaricho,to the latter,neutral,4.092835975674263,0,,mismatch,,,,,,,,,,
kumupedzanhamo,Adding to Him,negative,1.903807662450311,-1,,mismatch,,,,,,,,,,
kumwa,to drink,negative,1.903807662450311,-1,,mismatch,,,,,,,,,,
kunanzva,lick,negative,1.903807662450311,-1,1.0,mismatch,Lick,Lécher,Lick,Khotha,Lick,Lek,Lick,1.0,Positif,Mot
kunanzva,lick,negative,1.903807662450311,-1,1.0,mismatch,Lick,Lécher,Lick,Khotha,Lick,Lek,Lick,4.0,Positif,Verbe
kungonzi,just said,neutral,4.3558703815080575,0,,mismatch,,,,,,,,,,
kungosasa,just camping,neutral,4.092835975674263,0,,mismatch,,,,,,,,,,
kunorapwa,is treated,negative,1.903807662450311,-1,,mismatch,,,,,,,,,,
kunoroora,it is getting married,positive,3.1435998089985606,1,,mismatch,,,,,,,,,,
kunouya,comes,positive,3.1435998089985606,1,,mismatch,,,,,,,,,,
kunyangwe,even if,neutral,4.092835975674263,0,,mismatch,,,,,,,,,,
kunyepera,to lie,negative,1.903807662450311,-1,,mismatch,,,,,,,,,,
kunyora,to write,neutral,4.1859453800657445,0,1.0,mismatch,to write,ecrire,kunyora,ukubhala,ukubhala,om te skryf,ho ngola,2.0,Positif,Verbe
kunyora,to write,neutral,4.1859453800657445,0,1.0,mismatch,to write,ecrire,kunyora,ukubhala,ukubhala,om te skryf,ho ngola,5.0,Positif,Verbe
kunyora,to write,neutral,4.1859453800657445,0,1.0,mismatch,to write,ecrire,kunyora,ukubhala,ukubhala,om te skryf,ho ngola,1.0,Positif,Verbe
kunyora,to write,neutral,4.1859453800657445,0,1.0,mismatch,to write,ecrire,kunyora,ukubhala,ukubhala,om te skryf,ho ngola,5.0,Positif,Verbe
kunyora,to write,neutral,4.1859453800657445,0,1.0,mismatch,to write,ecrire,kunyora,ukubhala,ukubhala,om te skryf,ho ngola,1.0,Positif,Mot
kunyora,to write,neutral,4.1859453800657445,0,1.0,mismatch,To write,Écrire,Kunyora,Ukubhala,Ukubhala,Om te skryf,Ho ngola,2.0,Positif,Verbe
kunyora,to write,neutral,4.1859453800657445,0,1.0,mismatch,to write,écrire,kunyora,ukubhala,ukubhala,om te skryf,ho ngola,3.0,Positif,Verbe
kunzwirwa,be heard,negative,1.903807662450311,-1,,mismatch,,,,,,,,,,
kupfura,shooting,positive,3.14359980899856,1,,mismatch,,,,,,,,,,
kupota,utter,negative,1.903807662450311,-1,,mismatch,,,,,,,,,,
kupusa,cabbage,neutral,3.9408328822292136,0,,mismatch,,,,,,,,,,
kurai,which,neutral,4.092835975674263,0,,mismatch,,,,,,,,,,
kurangarira,to remember,neutral,3.8704435543378155,0,,mismatch,,,,,,,,,,
kuremekedzwa,respected,neutral,4.092835975674263,0,,mismatch,,,,,,,,,,
kurepublic,kurepublic,positive,2.9915967155535106,1,,mismatch,,,,,,,,,,
kurota,dream,positive,2.8805654031647667,1,1.0,match,dream,rever,kurota,iphupha,iphupha,droom,toro,3.0,Positif,Verbe
kurota,dream,positive,2.8805654031647667,1,1.0,match,Dream,Rêver,Kurota,Iphupha,Iphupha,Droom,Toro,3.0,Positif,Verbe
kurota,dream,positive,2.8805654031647667,1,1.0,match,dream,rever,kurota,iphupha,iphupha,droom,toro,2.0,Positif,Verbe
kurota,dream,positive,2.8805654031647667,1,1.0,match,dream,songe,kurota,iphupha,iphupha,droom,toro,1.0,positf,Mot
kurota,dream,positive,2.8805654031647667,1,1.0,match,Dream,Songe,Kurota,Iphupha,Iphupha,Droom,Toro,2.0,Positif,Mot
kurota,dream,positive,2.8805654031647667,1,0.0,mismatch,Dream,Songe,Kurota,Iphupha,Iphupha,Droom,Toro,0.0,Neutre,Mot
kurota,dream,positive,2.8805654031647667,1,1.0,match,Dream,Songe,Kurota,Iphupha,Iphupha,Droom,Toro,7.0,Positif,Mot
kurwadzisa,hurt,neutral,4.092835975674263,0,,mismatch,,,,,,,,,,
kushoropodza,criticism,negative,1.903807662450311,-1,,mismatch,,,,,,,,,,
kusimuka,getting up,positive,3.14359980899856,1,,mismatch,,,,,,,,,,
kusura,sorry,negative,1.903807662450311,-1,,mismatch,,,,,,,,,,
kusvirana,to have a partner,positive,2.9025917094947657,1,,mismatch,,,,,,,,,,
kusvitsa,to meet,positive,3.1435998089985606,1,,mismatch,,,,,,,,,,
kutarisa,to check,neutral,4.092835975674263,0,,mismatch,,,,,,,,,,
kutengeswa,sold,positive,3.14359980899856,1,,mismatch,,,,,,,,,,
kuteya,bitch,negative,1.903807662450311,-1,1.0,mismatch,bitch,chipie,bitch,unondindwa,bitch,teef,Bitch,7.0,Positif,Mot
kutipa,to give us,positive,3.1435998089985606,1,,mismatch,,,,,,,,,,
kutodya,to eat,negative,1.903807662450311,-1,,mismatch,,,,,,,,,,
kutotenga,to buy,neutral,4.092835975674263,0,,mismatch,,,,,,,,,,
kutuma,to send,negative,1.903807662450311,-1,,mismatch,,,,,,,,,,
kuuni,until the moon,neutral,4.355870381508057,0,,mismatch,,,,,,,,,,
kuvhara,to close,negative,1.903807662450311,-1,,mismatch,,,,,,,,,,
kuwirirana,correspondence,negative,1.903807662450311,-1,,mismatch,,,,,,,,,,
kuzungaira,to wander,negative,1.903807662450311,-1,,mismatch,,,,,,,,,,
kwamutare,tire,positive,2.895672295554975,1,,mismatch,,,,,,,,,,
kwawo,exclusive,neutral,3.8704435543378155,0,,mismatch,,,,,,,,,,
kwenguva,for a period of time,positive,2.973674807556248,1,,mismatch,,,,,,,,,,
kwerudzi,of the nation,neutral,4.092835975674263,0,,mismatch,,,,,,,,,,
laura,laura,neutral,4.092835975674263,0,,mismatch,,,,,,,,,,
layer,layer,negative,1.903807662450311,-1,,mismatch,,,,,,,,,,
ld,ld,neutral,4.092835975674263,0,,mismatch,,,,,,,,,,
left,left,negative,1.903807662450311,-1,,mismatch,,,,,,,,,,
leonard,leonard,positive,2.9509547310561643,1,,mismatch,,,,,,,,,,
lessons,lessons,neutral,3.8704435543378155,0,,mismatch,,,,,,,,,,
levels,levels,positive,2.973674807556248,1,,mismatch,,,,,,,,,,
librao,librao,neutral,3.8704435543378155,0,,mismatch,,,,,,,,,,
lil,lil,negative,1.903807662450311,-1,,mismatch,,,,,,,,,,
load,load,negative,1.9038076624503113,-1,1.0,mismatch,load,charger,mutoro,thwala,umthwalo,vrag,mojaro,9.0,Positif,Mot
looking,looking,positive,3.14359980899856,1,,mismatch,,,,,,,,,,
lord,lord,negative,1.903807662450311,-1,1.0,mismatch,Lord,Seigneur,Ishe,Ungqongqoshe,Nkosi,Heer,Lord,2.0,Positif,Mot
lord,lord,negative,1.903807662450311,-1,1.0,mismatch,Lord,Seigneur,Ishe,Ungqongqoshe,Nkosi,Heer,Lord,7.0,Positif,Mot
lord,lord,negative,1.903807662450311,-1,1.0,mismatch,Lord,Seigneur,Ishe,Ungqongqoshe,Nkosi,Heer,Lord,2.0,Positif,Nom
lord,lord,negative,1.903807662450311,-1,1.0,mismatch,Lord,Seigneur,Ishe,Ungqongqoshe,Nkosi,Heer,Lord,2.0,Positif,Nom
lord,lord,negative,1.903807662450311,-1,1.0,mismatch,Lord,Seigneur,Ishe,Ungqongqoshe,Nkosi,Heer,Lord,2.0,Positif,Nom
lord,lord,negative,1.903807662450311,-1,1.0,mismatch,Lord,Seigneur,Ishe,Ungqongqoshe,Nkosi,Heer,Lord,2.0,Positif,Nom
lord,lord,negative,1.903807662450311,-1,1.0,mismatch,Lord,Seigneur,Ishe,Ungqongqoshe,Nkosi,Heer,Lord,3.0,Positif,Mot
lunch,lunch,positive,3.14359980899856,1,,mismatch,,,,,,,,,,
maartist,artist,neutral,4.092835975674263,0,,mismatch,,,,,,,,,,
mabhero,bells,negative,1.903807662450311,-1,,mismatch,,,,,,,,,,
machine,machine,positive,2.9509547310561643,1,1.0,match,Machine,Machine,Muchina,Umshini,Umatshini,Masjien,Mochini,2.0,Positif,Mot
magara,Magara,neutral,4.092835975674263,0,,mismatch,,,,,,,,,,
makanzi,you are called,negative,1.903807662450311,-1,,mismatch,,,,,,,,,,
makes,makes,negative,1.903807662450311,-1,,mismatch,,,,,,,,,,
makorokoto,congratulations,positive,2.8805654031647667,1,,mismatch,,,,,,,,,,
makudo,bye,neutral,4.203867288063007,0,,mismatch,,,,,,,,,,
makuru,great,positive,2.9025917094947657,1,1.0,match,Great,Super,Hukuru,-Khulu,Kakhulu,Groot,E kholo,7.0,Positif,Mot
malema,malema,positive,2.9212073876621125,1,,mismatch,,,,,,,,,,
malessons,malessons,neutral,4.092835975674263,0,,mismatch,,,,,,,,,,
mambokadzi,queen,positive,2.9212073876621125,1,1.0,match,Queen,Reine,Mambokadzi,Indlovukazi,Ukumkanikazi,Koningin,Mofumahali,4.0,Positif,Mot
manyama,MANY,positive,2.9212073876621125,1,,mismatch,,,,,,,,,,
manyenga,funnel,neutral,4.092835975674263,0,,mismatch,,,,,,,,,,
marights,marights,positive,3.14359980899856,1,,mismatch,,,,,,,,,,
mashaba,mashaba,neutral,4.092835975674263,0,,mismatch,,,,,,,,,,
mashanu,five,positive,3.1435998089985606,1,0.0,mismatch,five,cinq,shanu,isihlanu,Ntlanu,vyf,Tse hlano,0.0,Neutre,Nombre
mashanu,five,positive,3.1435998089985606,1,1.0,match,five,cinq,shanu,isihlanu,Ntlanu,vyf,Tse hlano,6.0,Positif,Mot
maside,maside,positive,3.14359980899856,1,,mismatch,,,,,,,,,,
mat,mat,negative,1.903807662450311,-1,,mismatch,,,,,,,,,,
matanga,kind,negative,1.903807662450311,-1,1.0,mismatch,Kind,Aimable,Mutsa,-Nomusa,Uhlobo,Vriendelik,Mosa,6.0,Positif,Mot
matanga,kind,negative,1.903807662450311,-1,1.0,mismatch,Kind,Aimable,Mutsa,-Nomusa,Uhlobo,Vriendelik,Mosa,8.0,Positif,Mot
matanga,kind,negative,1.903807662450311,-1,1.0,mismatch,Kind,Type,Mutsa,-Nomusa,Uhlobo,Vriendelik,Mosa,3.0,Neutre,Mot
matayi,the fourth,negative,1.903807662450311,-1,,mismatch,,,,,,,,,,
matsha,new,negative,1.9038076624503113,-1,1.0,mismatch,new,nouvelle,Nyowani,-kwanamuhla,intsha,nuut,ncha,1.0,Positif,Mot
matsha,new,negative,1.9038076624503113,-1,1.0,mismatch,new,nouveau,Nyowani,-kwanamuhla,intsha,nuut,ncha,1.0,Positif,Mot
matsha,new,negative,1.9038076624503113,-1,1.0,mismatch,New,Nouveau,Nyowani,-Kwanamuhla,Intsha,Nuut,Ncha,4.0,Positif,Mot
matsha,new,negative,1.9038076624503113,-1,1.0,mismatch,New,Nouveau,Nyowani,-Kwanamuhla,Intsha,Nuut,Ncha,1.0,Positif,Mot
matsha,new,negative,1.9038076624503113,-1,1.0,mismatch,New,Nouvelle,Nyowani,-Kwanamuhla,Intsha,Nuut,Ncha,4.0,Positif,Mot
matsha,new,negative,1.9038076624503113,-1,1.0,mismatch,New,Nouvelle,Nyowani,-Kwanamuhla,Intsha,Nuut,Ncha,5.0,Positif,Mot
matsha,new,negative,1.9038076624503113,-1,1.0,mismatch,New,Nouveau,Nyowani,-Kwanamuhla,Intsha,Nuut,Ncha,6.0,Positif,Mot
matsha,new,negative,1.9038076624503113,-1,1.0,mismatch,new,nouvelle,Nyowani,-kwanamuhla,intsha,nuut,ncha,2.0,Positif,Mot
matsha,new,negative,1.9038076624503113,-1,1.0,mismatch,New,Nouveau ,Nyowani,-Kwanamuhla,Intsha,Nuut,Ncha,5.0, Positif,Mot
mave,stomach,negative,1.903807662450311,-1,1.0,mismatch,stomach,estomac,dumbu,isisu,isisu,maag,ka mpeng,3.0,Positif,Mot
mave,stomach,negative,1.903807662450311,-1,1.0,mismatch,Stomach,Estomac,Dumbu,Isisu,Isisu,Maag,Ka mpeng,1.0,Positif,Mot
mave,stomach,negative,1.903807662450311,-1,1.0,mismatch,Stomach,Estomac,Dumbu,Isisu,Isisu,Maag,Ka mpeng,1.0,Positif,Mot
mave,stomach,negative,1.903807662450311,-1,1.0,mismatch,Stomach,Estomac,Dumbu,Isisu,Isisu,Maag,Ka mpeng,3.0,Positif,Mot
mave,stomach,negative,1.903807662450311,-1,1.0,mismatch,Stomach,Estomac,Dumbu,Isisu,Isisu,Maag,Ka mpeng,5.0,Positif,Mot
mave,stomach,negative,1.903807662450311,-1,0.0,mismatch,Stomach,Estomac,Dumbu,Isisu,Isisu,Maag,Ka mpeng,0.0,Neutre,Mot
mayasi,Mayasi,negative,1.9038076624503113,-1,,mismatch,,,,,,,,,,
mazimbabweans,Zimbabweans,negative,1.903807662450311,-1,,mismatch,,,,,,,,,,
mazinga,levels,neutral,3.9408328822292136,0,,mismatch,,,,,,,,,,
mboro,powers,negative,1.903807662450311,-1,,mismatch,,,,,,,,,,
meghan,meghan,negative,1.903807662450311,-1,,mismatch,,,,,,,,,,
mevanhu,mere people,neutral,4.092835975674263,0,,mismatch,,,,,,,,,,
mharidzo,message,negative,1.903807662450311,-1,1.0,mismatch,Message,Message,Meseji,Izwi elithunyelweyo,Umyalezo,Boodskap,Molaetsa,5.0,Positif,Mot
mharidzo,message,negative,1.903807662450311,-1,1.0,mismatch,Message,Message,Meseji,Izwi elithunyelweyo,Umyalezo,Boodskap,Molaetsa,6.0,Positif,Mot
mharidzo,message,negative,1.903807662450311,-1,1.0,mismatch,Message,Message,Meseji,Izwi elithunyelweyo,Umyalezo,Boodskap,Molaetsa,3.0,Positif,Mot
mhoro,Hello,positive,2.9212073876621125,1,,mismatch,,,,,,,,,,
mibairo,rewards,neutral,4.033942286620695,0,,mismatch,,,,,,,,,,
mibvunzo,Questions,negative,1.903807662450311,-1,,mismatch,,,,,,,,,,
microwave,microwave,negative,1.903807662450311,-1,,mismatch,,,,,,,,,,
mifananidzo,images,positive,3.14359980899856,1,,mismatch,,,,,,,,,,
mimmz,Mimmz,neutral,4.00794707808775,0,,mismatch,,,,,,,,,,
mindset,mindset,neutral,3.8704435543378155,0,,mismatch,,,,,,,,,,
mines,mines,neutral,4.3558703815080575,0,,mismatch,,,,,,,,,,
missj,missj,neutral,4.00794707808775,0,,mismatch,,,,,,,,,,
mitengo,price-list,positive,2.9025917094947657,1,,mismatch,,,,,,,,,,
module,module,neutral,4.3558703815080575,0,,mismatch,,,,,,,,,,
monetsana,monetsana,negative,1.903807662450311,-1,,mismatch,,,,,,,,,,
mothers,mothers,negative,1.903807662450311,-1,,mismatch,,,,,,,,,,
mpofu,poor,negative,1.903807662450311,-1,0.0,mismatch,poor,pauvre ,murombo,-ntulayo,ihlwempu,arm,mafutsana,0.0,Neutre,Mot
msg,msg,neutral,4.3558703815080575,0,,mismatch,,,,,,,,,,
mt,mt,positive,3.1435998089985606,1,,mismatch,,,,,,,,,,
mtc,mtc,neutral,4.092835975674263,0,,mismatch,,,,,,,,,,
muchero,fruit,positive,3.14359980899856,1,1.0,match,fruit,fruit,michero,isithelo,iziqhamo,vrugte,Litholoana,4.0,Positif,Mot
muchero,fruit,positive,3.14359980899856,1,1.0,match,Fruit,Fruit,Michero,Isithelo,Iziqhamo,Vrugte,Litholoana,6.0,Positif,Mot
muchetura,carriage,neutral,3.9084114045368357,0,,mismatch,,,,,,,,,,
muchinda,prince,neutral,3.993300302123349,0,1.0,mismatch,Prince,Prince,Prince,Inkosana yasebukhosini,Inkosana,Prins,Khosana,4.0,Positif,Mot
muchiri,you still,negative,1.903807662450311,-1,,mismatch,,,,,,,,,,
mudare,court,positive,2.9509547310561643,1,1.0,match,Court,Cour,Dare,Inkundla,Inkundla,Hof,Lekhotla,1.0,Positif,Mot
muhighlands,Muhighlands,positive,2.9509547310561643,1,,mismatch,,,,,,,,,,
muhuni,in the wood,neutral,4.092835975674263,0,,mismatch,,,,,,,,,,
muhurombo,in poverty,negative,1.903807662450311,-1,,mismatch,,,,,,,,,,
muimbi,singer,positive,3.0060962852486255,1,1.0,match,singer,chansonnier,muimbi,umculi,imvumi,sanger,sebini,5.0,Positif,Mot
muimbi,singer,positive,3.0060962852486255,1,0.0,mismatch,singer,chanteur,muimbi,umculi,imvumi,sanger,sebini,0.0,Neutre,Mot
mujoina,Mujoina,negative,1.903807662450311,-1,,mismatch,,,,,,,,,,
mukudzei,tell,positive,3.1435998089985606,1,1.0,match,Tell,Raconter,Taura,Tshela,Xelela,Beveel,Bolela,2.0,Positif,Verbe
mukudzei,tell,positive,3.1435998089985606,1,1.0,match,Tell,Raconter,Taura,Tshela,Xelela,Beveel,Bolela,4.0,Positif,Verbe
mukugadzwa,In Appointment,neutral,4.092835975674263,0,,mismatch,,,,,,,,,,
mum,mum,negative,1.903807662450311,-1,,mismatch,,,,,,,,,,
mumatunhu,in regions,positive,3.1435998089985606,1,,mismatch,,,,,,,,,,
mumota,in a car,negative,1.903807662450311,-1,,mismatch,,,,,,,,,,
mumunda,in the field,neutral,4.092835975674263,0,,mismatch,,,,,,,,,,
mumuromo,in the mouth,negative,1.903807662450311,-1,,mismatch,,,,,,,,,,
munashe,in the Lord,neutral,4.3558703815080575,0,,mismatch,,,,,,,,,,
munewlands,munewlands,positive,3.14359980899856,1,,mismatch,,,,,,,,,,
munhumutema,a person,positive,3.14359980899856,1,,mismatch,,,,,,,,,,
munoziva,You know,negative,1.903807662450311,-1,,mismatch,,,,,,,,,,
munzeve,in the ear,neutral,4.092835975674263,0,,mismatch,,,,,,,,,,
muparty,muparty,negative,1.903807662450311,-1,,mismatch,,,,,,,,,,
mupengo,crazy,negative,1.903807662450311,-1,1.0,mismatch,crazy,foué,kupenga,-phambene,razy,mal,hlanya,3.0,Positif,Mot
mupfungwa,in mind,negative,1.903807662450311,-1,,mismatch,,,,,,,,,,
mupot,mung,neutral,4.355870381508057,0,,mismatch,,,,,,,,,,
musaise,Muse,neutral,3.8704435543378155,0,,mismatch,,,,,,,,,,
musika,music,neutral,3.8704435543378155,0,,mismatch,,,,,,,,,,
musisina,no more,negative,1.903807662450311,-1,,mismatch,,,,,,,,,,
mutasa,tough,negative,1.903807662450311,-1,,mismatch,,,,,,,,,,
mutengi,customer,positive,3.1435998089985606,1,,mismatch,,,,,,,,,,
mutinhimira,sound,positive,3.1435998089985606,1,,mismatch,,,,,,,,,,
mutsanangure,explanate,neutral,3.8704435543378155,0,,mismatch,,,,,,,,,,
muwashington,in Washington,neutral,3.8704435543378155,0,,mismatch,,,,,,,,,,
myself,myself,negative,1.903807662450311,-1,,mismatch,,,,,,,,,,
myte,myth,neutral,4.355870381508057,0,,mismatch,,,,,,,,,,
na8,na8,negative,1.903807662450311,-1,,mismatch,,,,,,,,,,
najob,salvation,neutral,4.092835975674263,0,,mismatch,,,,,,,,,,
nambuya,Grandmother,negative,1.903807662450311,-1,,mismatch,,,,,,,,,,
napo,Napo,positive,2.9212073876621125,1,,mismatch,,,,,,,,,,
natezvara,with a father,neutral,4.092835975674263,0,,mismatch,,,,,,,,,,
ndadzidza,I have learned,positive,3.14359980899856,1,,mismatch,,,,,,,,,,
ndarota,i dreamed,neutral,3.8704435543378155,0,,mismatch,,,,,,,,,,
ndarwadziwa,ndarwadziwa,negative,1.903807662450311,-1,,mismatch,,,,,,,,,,
ndatanga,I've started,neutral,3.8704435543378155,0,,mismatch,,,,,,,,,,
ndatenga,i bought,neutral,4.092835975674263,0,,mismatch,,,,,,,,,,
ndeyavo,is their,negative,1.903807662450311,-1,,mismatch,,,,,,,,,,
ndichibvunza,asking,neutral,4.3558703815080575,0,,mismatch,,,,,,,,,,
ndinogara,i live,positive,3.14359980899856,1,,mismatch,,,,,,,,,,
ndive,with,negative,1.903807662450311,-1,,mismatch,,,,,,,,,,
ndofarira,I like,negative,1.903807662450311,-1,,mismatch,,,,,,,,,,
ndokupa,and gave,neutral,4.092835975674263,0,,mismatch,,,,,,,,,,
ndokwanisa,I can,neutral,3.8704435543378155,0,,mismatch,,,,,,,,,,
ndouya,will come,positive,2.9212073876621125,1,,mismatch,,,,,,,,,,
ndozvatiri,That's what we're,negative,1.903807662450311,-1,,mismatch,,,,,,,,,,
nduwe,nduwe,negative,1.903807662450311,-1,,mismatch,,,,,,,,,,
necessary,necessary,positive,2.9509547310561643,1,-1.0,mismatch,Necessary,Nécessaire,Zvinodiwa,-Funeka,Yimfuneko,Nodig,Ho hlokahala,-3.0,Negatif,Mot
nechokwadi,Of course,positive,2.9212073876621125,1,,mismatch,,,,,,,,,,
necorruption,necorruption,negative,1.903807662450311,-1,,mismatch,,,,,,,,,,
nekubirwa,nekubirwa,negative,1.903807662450311,-1,,mismatch,,,,,,,,,,
nekunyepa,nekunyepa,negative,1.903807662450311,-1,,mismatch,,,,,,,,,,
nekushaya,by the lack of,negative,1.903807662450311,-1,,mismatch,,,,,,,,,,
nemadrinks,nemadrinks,neutral,4.092835975674263,0,,mismatch,,,,,,,,,,
nemhepo,by wind,positive,3.14359980899856,1,,mismatch,,,,,,,,,,
nemo,nemo,neutral,4.066363764313072,0,,mismatch,,,,,,,,,,
nemvura,With water,positive,3.14359980899856,1,,mismatch,,,,,,,,,,
nenhamo,misery,negative,1.903807662450311,-1,-1.0,match,Misery,  Misère,Kusuwa,Ubuhlungu,Ububi,Ellende,Masetlapelo,-1.0,Negatif,Mot
nenhamo,misery,negative,1.903807662450311,-1,-1.0,match,misery,misère,kusuwa,ubuhlungu,ububi,ellende,Mahlomola,-1.0,Negatif,Mot
nenhamo,misery,negative,1.903807662450311,-1,1.0,mismatch,misery,misère,kusuwa,ubuhlungu,ububi,ellende,Mahlomola,5.0,Positif,Mot
nenhamo,misery,negative,1.903807662450311,-1,-1.0,match,Misery,Misère,Kusuwa,Ubuhlungu,Ububi,Ellende,Mahlomola,-8.0,Negatif,Mot
nenhema,false,negative,1.9038076624503113,-1,-1.0,match,False,False,Nhema,-Namanga,Ubuxoki,Vals,Leshano,-6.0,Negatif,Mot
nenyama,with meat,negative,1.903807662450311,-1,,mismatch,,,,,,,,,,
nenzizi,with rivers,neutral,4.355870381508057,0,,mismatch,,,,,,,,,,
nepo,Privilege,neutral,4.355870381508057,0,,mismatch,,,,,,,,,,
nepolice,non -pionees,neutral,3.8704435543378155,0,,mismatch,,,,,,,,,,
neshadaya,neshadaya,negative,1.903807662450311,-1,,mismatch,,,,,,,,,,
neshungu,with grief,negative,1.903807662450311,-1,,mismatch,,,,,,,,,,
net,net,neutral,3.8704435543378155,0,1.0,mismatch,Net,Filet,Net,Inethi,Inethi,Net,Net,5.0,Positif,Mot
net,net,neutral,3.8704435543378155,0,1.0,mismatch,net,net,net,inethi,inethi,net,net,2.0,Positif,Mot
net,net,neutral,3.8704435543378155,0,0.0,match,Net,Filet,Net,Inethi,Inethi,Net,Net,0.0,Neutre,Mot
netone,by tone,negative,1.903807662450311,-1,,mismatch,,,,,,,,,,
nezveiko,about what,neutral,4.355870381508057,0,,mismatch,,,,,,,,,,
nezviri,with what,negative,1.903807662450311,-1,,mismatch,,,,,,,,,,
ngaabike,Ngā Korta,positive,3.1435998089985606,1,,mismatch,,,,,,,,,,
ngarivhume,let it open,negative,1.903807662450311,-1,,mismatch,,,,,,,,,,
ngavasadaro,may not,neutral,4.3558703815080575,0,,mismatch,,,,,,,,,,
ngavasiyane,let them depart,negative,1.903807662450311,-1,,mismatch,,,,,,,,,,
ngochani,gays,negative,1.903807662450311,-1,,mismatch,,,,,,,,,,
nguvo,a garment,neutral,4.3558703815080575,0,,mismatch,,,,,,,,,,
nhando,thread,neutral,4.13347796017161,0,1.0,mismatch,thread,fil,Thread,intanjana,intambo,gare,khoele,1.0,Positif,Mot
nhando,thread,neutral,4.13347796017161,0,1.0,mismatch,thread,fil,Thread,intanjana,intambo,gare,khoele,1.0,Positif,Mot
nhembe,the ladder,neutral,4.066363764313072,0,,mismatch,,,,,,,,,,
nhomba,boil,neutral,4.092835975674263,0,,mismatch,,,,,,,,,,
nhume,delegates,neutral,4.092835975674263,0,,mismatch,,,,,,,,,,
nhumwa,delegation,positive,3.0060962852486255,1,,mismatch,,,,,,,,,,
nicholas,nicholas,positive,2.8805654031647667,1,,mismatch,,,,,,,,,,
nightnurse,nightnurse,neutral,4.092835975674263,0,,mismatch,,,,,,,,,,
njovana,njovana,negative,1.903807662450311,-1,,mismatch,,,,,,,,,,
nokugadzira,By making,positive,3.1435998089985606,1,,mismatch,,,,,,,,,,
nokuita,by performance,negative,1.903807662450311,-1,,mismatch,,,,,,,,,,
nomukadzi,with a woman,negative,1.903807662450311,-1,,mismatch,,,,,,,,,,
notice,notice,neutral,4.3558703815080575,0,1.0,mismatch,Notice,Avis,Ziviso,Isaziso,Qaphela,Kennisgewing,TLHOKOMELISO,2.0,Positif,Mot
nzwirai,take to you,neutral,4.3558703815080575,0,,mismatch,,,,,,,,,,
oda,oda,negative,1.903807662450311,-1,,mismatch,,,,,,,,,,
opposite,opposite,positive,2.9212073876621125,1,0.0,mismatch,Opposite,Contraire,Zvakatarisana,Bhekene,Ngokuchaseneyo,Oorkant,Mohanyetsi,0.0,Neutre,Mot
opposite,opposite,positive,2.9212073876621125,1,-1.0,mismatch,Opposite,Contraire,Zvakatarisana,Bhekene,Ngokuchaseneyo,Oorkant,Mohanyetsi,-5.0,Negatif,Mot
outside,outside,neutral,4.092835975674263,0,0.0,match,Outside,Extérieur,Kunze,Ngembaba,Ngaphandle,Buitekant,Kantle,0.0,Neutre,Mot
oxnajneqyz,Oxnajnqyz,positive,3.14359980899856,1,,mismatch,,,,,,,,,,
pachikoro,at school,negative,1.903807662450311,-1,,mismatch,,,,,,,,,,
pack,pack,neutral,4.092835975674263,0,,mismatch,,,,,,,,,,
package,package,positive,2.9509547310561643,1,,mismatch,,,,,,,,,,
padura,marsh,negative,1.903807662450311,-1,,mismatch,,,,,,,,,,
paint,paint,neutral,4.092835975674263,0,,mismatch,,,,,,,,,,
pakufa,at death,neutral,4.092835975674263,0,,mismatch,,,,,,,,,,
pakutaura,when speaking,negative,1.903807662450311,-1,,mismatch,,,,,,,,,,
palunch,palunch,negative,1.903807662450311,-1,,mismatch,,,,,,,,,,
pamusha,at home,positive,3.1435998089985606,1,,mismatch,,,,,,,,,,
pamushandi,at a staff,positive,3.14359980899856,1,,mismatch,,,,,,,,,,
panhamba,on the number,positive,3.0281225915786245,1,,mismatch,,,,,,,,,,
papayaisa,Papayaisa,negative,1.903807662450311,-1,,mismatch,,,,,,,,,,
paripo,it is available,neutral,4.092835975674263,0,,mismatch,,,,,,,,,,
parizvino,at the moment,positive,3.14359980899856,1,,mismatch,,,,,,,,,,
paside,bottom,negative,1.903807662450311,-1,0.0,mismatch,Bottom,Fond,Zasi,Esinqeni,Ezantsi,Bodem,Tlase,0.0,Neutre,Mot
pasocialism,pasocialism,negative,1.903807662450311,-1,,mismatch,,,,,,,,,,
pastage,pasture,neutral,4.092835975674263,0,1.0,mismatch,Pasture,Pâture,Mafuro,Idlela,Amadlelo,Weiveld,Lekhulo,5.0,Positif,Mot
pava,they are,positive,3.1435998089985606,1,,mismatch,,,,,,,,,,
pavo,them,positive,2.973674807556248,1,,mismatch,,,,,,,,,,
pazbc,pazbc,neutral,4.092835975674263,0,,mismatch,,,,,,,,,,
peaceful,peaceful,positive,2.9509547310561643,1,1.0,match,peaceful,paisible,rugare,-thulile,uxolo,vreedsaam,Khotso,3.0,Positif,Mot
peaceful,peaceful,positive,2.9509547310561643,1,1.0,match,Peaceful,Paisible,Rugare,-Thulile,Uxolo,Vreedsaam,Khotso,8.0,Positif,Mot
pedu,to us,negative,1.903807662450311,-1,,mismatch,,,,,,,,,,
pedzezvo,it is,negative,1.903807662450311,-1,,mismatch,,,,,,,,,,
peer,peer,positive,2.9212073876621125,1,,mismatch,,,,,,,,,,
percentage,percentage,negative,1.903807662450311,-1,,mismatch,,,,,,,,,,
perish,perish,negative,1.903807662450311,-1,,mismatch,,,,,,,,,,
petty,petty,neutral,4.092835975674263,0,,mismatch,,,,,,,,,,
pill,pill,negative,1.903807662450311,-1,,mismatch,,,,,,,,,,
positions,positions,neutral,4.092835975674263,0,,mismatch,,,,,,,,,,
potse,miss,positive,3.14359980899856,1,-1.0,mismatch,Miss,Rater,Kupotsa,Khumbula,Phosa,Verpas,Hloloheloa,-9.0,Negatif,Verbe
potse,miss,positive,3.14359980899856,1,-1.0,mismatch,Miss,Manquer,Kupotsa,Khumbula,Phosa,Verpas,Hloloheloa,-9.0,Negatif,Verbe
potse,miss,positive,3.14359980899856,1,-1.0,mismatch,miss,manquer,kupotsa,khumbula,phosa,verpas,hloloheloa,-2.0,Negatif,Verbe
potse,miss,positive,3.14359980899856,1,-1.0,mismatch,miss,rater,kupotsa,khumbula,phosa,verpas,hloloheloa,-4.0,Negatif,Verbe
potse,miss,positive,3.14359980899856,1,1.0,match,miss,rater,kupotsa,khumbula,phosa,verpas,hloloheloa,2.0,Positif,Verbe
potse,miss,positive,3.14359980899856,1,1.0,match,Miss,Manquer,Kupotsa,Khumbula,Phosa,Verpas,Hloloheloa,4.0,Positif,Mot
prayer,prayer,positive,3.1435998089985606,1,1.0,match,prayer,priere,Munamato,isicelo,Umthandazo,gebed,Thapelo,2.0,Positif,Verbe
prayer,prayer,positive,3.1435998089985606,1,1.0,match,prayer,prière,Munamato,isicelo,Umthandazo,gebed,Thapelo,1.0,Positif,Verbe
prayer,prayer,positive,3.1435998089985606,1,1.0,match,prayer,prière,Munamato,isicelo,Umthandazo,gebed,Thapelo,3.0,Positif,Mot
prefect,prefect,negative,1.903807662450311,-1,,mismatch,,,,,,,,,,
prie,to,neutral,4.3558703815080575,0,,mismatch,,,,,,,,,,
pwere,youth,negative,1.903807662450311,-1,1.0,mismatch,youth,jeunesse,pwere,ubusha,Ulutsha,jeug,Bacha,8.0,Positif,Mot
quad,quad,neutral,4.13347796017161,0,,mismatch,,,,,,,,,,
quart,quart,positive,3.14359980899856,1,,mismatch,,,,,,,,,,
que,what,positive,3.14359980899856,1,,mismatch,,,,,,,,,,
raanoenda,raanoenda,negative,1.903807662450311,-1,,mismatch,,,,,,,,,,
rabies,rabies,neutral,4.3558703815080575,0,,mismatch,,,,,,,,,,
rakanaka,good,positive,3.14359980899856,1,1.0,match,Good,bonne,Kugona,Kuhle ngokuncomekayo,Kulungile,Goed,E ntle,3.0,Positif,Mot
rakanaka,good,positive,3.14359980899856,1,1.0,match,GOOD,bien,KUGONA,Kuhle ngokuncomekayo,KULUNGILE,Goed,E ntle,1.0,Positif,Mot
rakanaka,good,positive,3.14359980899856,1,1.0,match,GOOD,Bien,KUGONA,Kuhle ngokuncomekayo,KULUNGILE,Goed,E ntle,7.54545454545454,Positif,Mot
rakanaka,good,positive,3.14359980899856,1,1.0,match,Good,Bon,Kugona,Kuhle ngokuncomekayo,Kulungile,Goed,E ntle,8.0,Positif,Mot
ramba,turn down,positive,2.9091345553615375,1,,mismatch,,,,,,,,,,
ranhasi,date,positive,3.018068926914702,1,,mismatch,,,,,,,,,,
rasberry,rasberry,neutral,4.092835975674263,0,,mismatch,,,,,,,,,,
rashadaya,Rashadaya,negative,1.903807662450311,-1,,mismatch,,,,,,,,,,
redz,see,positive,3.1435998089985606,1,1.0,match,see,voir,ona,qonda,funda,sien,bona,2.0,Positif,Verbe
redz,see,positive,3.1435998089985606,1,1.0,match,see,voir,ona,qonda,funda,sien,bona,3.0,Positif,Verbe
redz,see,positive,3.1435998089985606,1,1.0,match,see,voir,ona,qonda,funda,sien,bona,3.0,Positif,Verbe
redz,see,positive,3.1435998089985606,1,1.0,match,see,voir,ona,qonda,funda,sien,bona,1.0,Positif,Verbe
redz,see,positive,3.1435998089985606,1,1.0,match,See,Voir,Ona,Qonda,Funda,Sien,Bona,1.0,Positif,Verbe
rekare,old,positive,3.14359980899856,1,0.0,mismatch,old,vieux,chembere,-dala,mdala,ou,ea khale,0.0,Neutre,Mot
rekare,old,positive,3.14359980899856,1,0.0,mismatch,old,vieux,chembere,-dala,mdala,ou,ea khale,0.0,Neutre,Mot
rekare,old,positive,3.14359980899856,1,-1.0,mismatch,Old,Vieux,Chembere,-Dala,Mdala,Ou,Ea khale,-1.0,Negatif,Mot
rekare,old,positive,3.14359980899856,1,0.0,mismatch,Old,Vieux,Chembere,-Dala,Mdala,Ou,Ea khale,0.0,Neutre,Mot
release,release,positive,3.14359980899856,1,,mismatch,,,,,,,,,,
remashoko,of words,neutral,4.3558703815080575,0,,mismatch,,,,,,,,,,
remitemo,of law,neutral,4.203867288063007,0,,mismatch,,,,,,,,,,
renyaradzo,reject,positive,2.9915967155535106,1,,mismatch,,,,,,,,,,
repeat,repeat,positive,3.1435998089985606,1,1.0,match,repeat,repeter,dzokorora,phinda,phinda,herhaal,pheta,1.0,Positif,Verbe
repeat,repeat,positive,3.1435998089985606,1,1.0,match,repeat,repeter,dzokorora,phinda,phinda,herhaal,pheta,1.0,Positif,Verbe
repeat,repeat,positive,3.1435998089985606,1,1.0,match,repeat,repeter,dzokorora,phinda,phinda,herhaal,pheta,3.0,Positif,Verbe
repeat,repeat,positive,3.1435998089985606,1,1.0,match,repeat,répéter,dzokorora,phinda,phinda,herhaal,pheta,2.0,Positif,Verbe
republic,republic,positive,2.9915967155535106,1,,mismatch,,,,,,,,,,
reshadaya,fiber,neutral,4.163225303565661,0,,mismatch,,,,,,,,,,
response,response,neutral,4.066363764313072,0,,mismatch,,,,,,,,,,
rev,rev,neutral,4.1494195040406305,0,,mismatch,,,,,,,,,,
rezviyo,of the grain,negative,1.903807662450311,-1,,mismatch,,,,,,,,,,
riinhi,riinhi,negative,1.903807662450311,-1,,mismatch,,,,,,,,,,
rinojairira,it is a master,negative,1.903807662450311,-1,,mismatch,,,,,,,,,,
rinonaka,sweet,positive,3.1435998089985606,1,,mismatch,,,,,,,,,,
ripi,which one,neutral,3.9408328822292136,0,,mismatch,,,,,,,,,,
rive,rive,positive,3.0060962852486255,1,,mismatch,,,,,,,,,,
roast,roast,neutral,4.3558703815080575,0,,mismatch,,,,,,,,,,
role,role,neutral,4.092835975674263,0,,mismatch,,,,,,,,,,
romance,romance,neutral,4.092835975674263,0,,mismatch,,,,,,,,,,
romantic,romantic,neutral,4.092835975674263,0,,mismatch,,,,,,,,,,
roundabout,roundabout,positive,2.9509547310561643,1,,mismatch,,,,,,,,,,
royal,royal,neutral,3.993300302123349,0,0.0,match,Royal,Royal,Royal,-Obukhosi,IRoyal,Koninklike,Royal,0.0,Neutre,Mot
royal,royal,neutral,3.993300302123349,0,1.0,mismatch,Royal,Royal,Royal,-Obukhosi,IRoyal,Koninklike,Royal,9.0,Positif,Mot
royal,royal,neutral,3.993300302123349,0,1.0,mismatch,Royal,Royal,Royal,-Obukhosi,IRoyal,Koninklike,Royal,5.0,Positif,Mot
rudzi,nationality,neutral,4.107942868064471,0,,mismatch,,,,,,,,,,
sanction,sanction,negative,1.903807662450311,-1,,mismatch,,,,,,,,,,
savage,savage,negative,1.903807662450311,-1,-1.0,match,Savage,Sauvage,Savage,-Dlovulile,Isavage,Barbaars,Savage,-2.0,Negatif,Mot
savage,savage,negative,1.903807662450311,-1,-1.0,match,Savage,Sauvage,Savage,-Dlovulile,Isavage,Barbaars,Savage,-3.0,Negatif,Mot
savage,savage,negative,1.903807662450311,-1,-1.0,match,Savage,Sauvage,Savage,-Dlovulile,Isavage,Barbaars,Savage,-4.0,Negatif,Mot
savage,savage,negative,1.903807662450311,-1,0.0,mismatch,Savage,Sauvage,Savage,-Dlovulile,Isavage,Barbaars,Savage,0.0,Neutre,Mot
seke,don't,positive,3.14359980899856,1,,mismatch,,,,,,,,,,
sekunge,as if,negative,1.903807662450311,-1,,mismatch,,,,,,,,,,
sekuwana,as found,negative,1.903807662450311,-1,,mismatch,,,,,,,,,,
semuenzaniso,for example,neutral,3.8704435543378155,0,,mismatch,,,,,,,,,,
seriously,seriously,neutral,3.993300302123349,0,,mismatch,,,,,,,,,,
shady,shady,neutral,4.163225303565661,0,,mismatch,,,,,,,,,,
sharara,sharara,positive,3.1435998089985606,1,,mismatch,,,,,,,,,,
sharo,Sharo,positive,3.1435998089985606,1,,mismatch,,,,,,,,,,
shava,shake,positive,3.14359980899856,1,-1.0,mismatch,Shake,Agiter,Zunza,Xukuza,Shake,Skud,Sisinya,-8.0,Negatif,Verbe
shava,shake,positive,3.14359980899856,1,1.0,match,Shake,Agiter,Zunza,Xukuza,Shake,Skud,Sisinya,4.0,Positif,Verbe
shava,shake,positive,3.14359980899856,1,0.0,mismatch,Shake,Secouer,Zunza,Xukuza,Shake,Skud,Sisinya,0.0,Neutre,Verbe
shava,shake,positive,3.14359980899856,1,0.0,mismatch,Shake,Secouer,Zunza,Xukuza,Shake,Skud,Sisinya,0.0,Neutre,Verbe
similar,similar,neutral,4.092835975674263,0,0.0,match,Similar,Semblable,Zvakafanana,-Fanayo,Efanayo,Dieselfde,E tšoanang,0.0,Neutre,Mot
similar,similar,neutral,4.092835975674263,0,0.0,match,Similar,Semblable,Zvakafanana,-Fanayo,Efanayo,Dieselfde,E tšoanang,0.0,Neutre,Mot
similar,similar,neutral,4.092835975674263,0,1.0,mismatch,Similar,Semblable,Zvakafanana,-Fanayo,Efanayo,Dieselfde,E tšoanang,5.0,Positif,Mot
simping,simping,negative,1.903807662450311,-1,,mismatch,,,,,,,,,,
siyayi,we are,negative,1.903807662450311,-1,,mismatch,,,,,,,,,,
soccer,soccer,positive,2.9212073876621125,1,,mismatch,,,,,,,,,,
soko,market,positive,2.9212073876621125,1,,mismatch,,,,,,,,,,
solar,solar,neutral,3.9408328822292136,0,,mismatch,,,,,,,,,,
sounds,sounds,positive,2.9212073876621125,1,,mismatch,,,,,,,,,,
spaghetti,spaghetti,negative,1.903807662450311,-1,,mismatch,,,,,,,,,,
spin,spin,negative,1.903807662450311,-1,0.0,mismatch,Spin,Filer,Spin,Shwila,Spin,Spin,Spin,0.0,Neutre,Verbe
stadium,stadium,positive,2.973674807556248,1,0.0,mismatch,Stadium,Stade,Nhandare,Indawo yokubukela ibhola,Ibala lemidlalo,Stadion,Lebala la lipapali,0.0,Neutre,Mot
stand,stand,positive,2.895672295554975,1,,mismatch,,,,,,,,,,
stanley,stanley,neutral,4.163225303565661,0,,mismatch,,,,,,,,,,
stats,stats,positive,2.8805654031647667,1,,mismatch,,,,,,,,,,
stereki,steer,positive,2.9212073876621125,1,,mismatch,,,,,,,,,,
sungai,sungai,negative,1.903807662450311,-1,,mismatch,,,,,,,,,,
sunungukai,free,positive,3.1435998089985606,1,1.0,match,free,libre,Yemahara,khululekile,simahla,bevry,MAHALA,1.0,Positif,Verbe
sunungukai,free,positive,3.1435998089985606,1,1.0,match,Free,Libre,Yemahara,Khululekile,Simahla,Bevry,MAHALA,9.0,Positif,Mot
super,super,positive,2.9212073876621125,1,,mismatch,,,,,,,,,,
systems,systems,positive,3.1435998089985606,1,,mismatch,,,,,,,,,,
tag,tag,neutral,4.3558703815080575,0,,mismatch,,,,,,,,,,
takambo,We have been,negative,1.903807662450311,-1,,mismatch,,,,,,,,,,
takawirirana,we are in harmony,neutral,3.8704435543378155,0,,mismatch,,,,,,,,,,
taken,taken,positive,3.1435998089985606,1,,mismatch,,,,,,,,,,
tasvika,we have arrived,neutral,4.355870381508057,0,,mismatch,,,,,,,,,,
tatenda,Thanks,negative,1.903807662450311,-1,1.0,mismatch,THANKS,  Merci,NDATENDA,Ukuthakasela,ENKOSI,Dank,KE A LEBOGA,5.0,Positif,Mot
tatenda,Thanks,negative,1.903807662450311,-1,1.0,mismatch,THANKS,Merci,NDATENDA,Ukuthakasela,ENKOSI,Dank,Kea leboha,1.0,Positif,Mot
taurai,speak,positive,2.9915967155535106,1,1.0,match,Speak,Parle,Taura,Khuluma,Thetha,Praat,Bua,2.0,Positif,Verbe
taurai,speak,positive,2.9915967155535106,1,1.0,match,speak,parle,taura,khuluma,thetha,praat,bua,2.0,Positif,Verbe
teams,teams,positive,3.14359980899856,1,,mismatch,,,,,,,,,,
tee,tee,neutral,3.8704435543378155,0,,mismatch,,,,,,,,,,
tega,that,negative,1.903807662450311,-1,1.0,mismatch,that,cela,izvo,leyo,loo nto,daardie,seo,4.0,Positif,Mot
tega,that,negative,1.903807662450311,-1,1.0,mismatch,that,celle,izvo,leyo,loo nto,daardie,seo,9.0,Positif,Mot
temba,Temba,neutral,4.092835975674263,0,,mismatch,,,,,,,,,,
tengerai,seas,neutral,4.163225303565661,0,,mismatch,,,,,,,,,,
terezim,Terezim,positive,3.14359980899856,1,,mismatch,,,,,,,,,,
tevera,follow up,neutral,4.092835975674263,0,,mismatch,,,,,,,,,,
theories,theories,negative,1.903807662450311,-1,,mismatch,,,,,,,,,,
thirsty,thirsty,positive,3.1435998089985606,1,1.0,match,Thirsty,Soif,Nyota,-Omile,Unxaniwe,Dors,Nyoriloeng,4.0,Positif,Mot
thirsty,thirsty,positive,3.1435998089985606,1,1.0,match,thirsty,soif,nyota,-omile,unxaniwe,dors,nyoriloeng,1.0,Positif,Verbe
thirsty,thirsty,positive,3.1435998089985606,1,-1.0,mismatch,Thirsty,Soif,Nyota,-Omile,Unxaniwe,Dors,Nyoriloeng,-5.0,Negatif,Mot
thirsty,thirsty,positive,3.1435998089985606,1,-1.0,mismatch,Thirsty,Soif,Nyota,-Omile,Unxaniwe,Dors,Nyoriloeng,-2.0,Negatif,Mot
though,though,neutral,3.9408328822292136,0,,mismatch,,,,,,,,,,
tichikura,we grow up,neutral,4.355870381508057,0,,mismatch,,,,,,,,,,
till,till,positive,3.14359980899856,1,,mismatch,,,,,,,,,,
tinawo,we have,neutral,3.8704435543378155,0,0.0,match,We have,nous avons,Tine,Sine,Si,Ons het,Re na le,0.0,Neutre,Verbe
tinoendesa,we submit,positive,3.1435998089985606,1,,mismatch,,,,,,,,,,
tirikuti,we are saying,positive,2.9509547310561643,1,,mismatch,,,,,,,,,,
tiudze,tell us,neutral,3.8704435543378155,0,,mismatch,,,,,,,,,,
tizivane,We should have to have,neutral,4.092835975674263,0,,mismatch,,,,,,,,,,
toga,toga,neutral,4.092835975674263,0,,mismatch,,,,,,,,,,
tora,tora,positive,2.937148931531134,1,,mismatch,,,,,,,,,,
toxic,toxic,negative,1.903807662450311,-1,,mismatch,,,,,,,,,,
tozoona,then,neutral,4.066363764313072,0,,mismatch,,,,,,,,,,
tsom,showed,negative,1.903807662450311,-1,,mismatch,,,,,,,,,,
tuka,disperse,negative,1.903807662450311,-1,-1.0,match,disperse,disperser,Durperse,hlakaza,ukusasazeka,uiteenjaag,haseke,-6.0,Negatif,Verbe
tumirai,send,neutral,4.092835975674263,0,1.0,mismatch,send,envoyer,Tumira,thuma,thumela,stuur,romella,2.0,Positif,Verbe
tumirai,send,neutral,4.092835975674263,0,1.0,mismatch,send,envoyer,Tumira,thuma,thumela,stuur,romella,1.0,Positif,Verbe
tumirai,send,neutral,4.092835975674263,0,1.0,mismatch,send,envoyer,Tumira,thuma,thumela,stuur,romella,3.0,Positif,Verbe
twins,twins,neutral,4.092835975674263,0,,mismatch,,,,,,,,,,
uchienda,off,positive,3.14359980899856,1,,mismatch,,,,,,,,,,
uchinge,while,neutral,4.33511182134126,0,,mismatch,,,,,,,,,,
ufunge,swear,positive,3.14359980899856,1,1.0,match,Swear,Jurer,Kupika,Thuka,Ukufunga,Vloek,Hlapanya,6.0,Positif,Verbe
ufunge,swear,positive,3.14359980899856,1,1.0,match,Swear,Jurer,Kupika,Thuka,Ukufunga,Vloek,Hlapanya,7.0,Positif,Verbe
ufunge,swear,positive,3.14359980899856,1,1.0,match,swear,jurement,kupika,thuka,ukufunga,vloek,hlapanya,6.0,Positif,Mot
ufunge,swear,positive,3.14359980899856,1,1.0,match,swear,jurer,kupika,thuka,ukufunga,vloek,hlapanya,9.0,Positif,Mot
unkols,unch,negative,1.903807662450311,-1,,mismatch,,,,,,,,,,
unogwara,you are right,negative,1.903807662450311,-1,,mismatch,,,,,,,,,,
unongoona,you just see,negative,1.903807662450311,-1,,mismatch,,,,,,,,,,
unongowona,you just see,negative,1.903807662450311,-1,,mismatch,,,,,,,,,,
unotoita,you even do,negative,1.903807662450311,-1,,mismatch,,,,,,,,,,
unotoshaya,you just lack,negative,1.903807662450311,-1,,mismatch,,,,,,,,,,
unozoona,you will see,positive,3.1435998089985606,1,,mismatch,,,,,,,,,,
urionline,urionline,neutral,3.8704435543378155,0,,mismatch,,,,,,,,,,
uripo,you are there,negative,1.903807662450311,-1,,mismatch,,,,,,,,,,
usa,usa,negative,1.9038076624503113,-1,,mismatch,,,,,,,,,,
usaita,don't do,positive,3.1435998089985606,1,,mismatch,,,,,,,,,,
username,username,negative,1.903807662450311,-1,,mismatch,,,,,,,,,,
vachida,like,negative,1.903807662450311,-1,,mismatch,,,,,,,,,,
vachidzidza,studying,neutral,4.092835975674263,0,,mismatch,,,,,,,,,,
vachigadzira,making,negative,1.903807662450311,-1,,mismatch,,,,,,,,,,
vachijola,injola,negative,1.903807662450311,-1,,mismatch,,,,,,,,,,
vachipihwa,being given,neutral,3.8704435543378155,0,,mismatch,,,,,,,,,,
vachiramba,refusing,negative,1.903807662450311,-1,,mismatch,,,,,,,,,,
vachirova,striking,neutral,4.092835975674263,0,,mismatch,,,,,,,,,,
vadii,wage,neutral,4.355870381508057,0,,mismatch,,,,,,,,,,
vadye,they may eat,positive,2.9212073876621125,1,,mismatch,,,,,,,,,,
vaenda,they are gone,negative,1.903807662450311,-1,,mismatch,,,,,,,,,,
vafundisi,clergymen,neutral,4.092835975674263,0,,mismatch,,,,,,,,,,
vaibika,vaibika,neutral,4.092835975674263,0,,mismatch,,,,,,,,,,
vaigona,they could,neutral,4.092835975674263,0,,mismatch,,,,,,,,,,
vaimbi,musicians,positive,2.9509547310561643,1,,mismatch,,,,,,,,,,
vaipfeka,they wore,neutral,4.092835975674263,0,,mismatch,,,,,,,,,,
vaka,guard,neutral,4.3558703815080575,0,1.0,mismatch,Guard,Gardé ,Chengetedza,Vikela,Unogada,Hou wag,Balebeli,1.0,Positif,Mot
vakabva,they left,neutral,3.9408328822292136,0,,mismatch,,,,,,,,,,
vakajaidzwa,they were faded,negative,1.903807662450311,-1,,mismatch,,,,,,,,,,
vakanyarara,are silent,neutral,4.355870381508057,0,,mismatch,,,,,,,,,,
vakapfeka,they are wearing,negative,1.903807662450311,-1,,mismatch,,,,,,,,,,
vakasaina,have signed,positive,2.9212073876621125,1,,mismatch,,,,,,,,,,
vakazvipira,they are committed,positive,3.14359980899856,1,,mismatch,,,,,,,,,,
vakuenda,they went,negative,1.903807662450311,-1,,mismatch,,,,,,,,,,
vamboita,have ever been,negative,1.903807662450311,-1,,mismatch,,,,,,,,,,
vange,there are,negative,1.903807662450311,-1,,mismatch,,,,,,,,,,
vanobvumirana,they agree,neutral,4.092835975674263,0,,mismatch,,,,,,,,,,
vanoisa,they put,neutral,4.1859453800657445,0,,mismatch,,,,,,,,,,
vanomhanya,they run,negative,1.903807662450311,-1,,mismatch,,,,,,,,,,
vanoona,they see,negative,1.903807662450311,-1,,mismatch,,,,,,,,,,
vanorova,they beat,negative,1.903807662450311,-1,,mismatch,,,,,,,,,,
vanorwirawo,they also fight,positive,3.14359980899856,1,,mismatch,,,,,,,,,,
vanoshora,they criticize,negative,1.903807662450311,-1,,mismatch,,,,,,,,,,
vanosvika,they arrive,neutral,3.993300302123349,0,,mismatch,,,,,,,,,,
vanotarisira,they expect,neutral,4.092835975674263,0,,mismatch,,,,,,,,,,
vanotaura,they talk,neutral,3.9773587582543275,0,,mismatch,,,,,,,,,,
vapera,they are over,negative,1.903807662450311,-1,,mismatch,,,,,,,,,,
varamba,they have rejected,negative,1.903807662450311,-1,,mismatch,,,,,,,,,,
varikutiza,they are running away,neutral,4.066363764313072,0,,mismatch,,,,,,,,,,
varimi,farmers,positive,2.9212073876621125,1,,mismatch,,,,,,,,,,
varwadziwa,they are hurt,negative,1.903807662450311,-1,,mismatch,,,,,,,,,,
vasiyana,they are different,negative,1.903807662450311,-1,,mismatch,,,,,,,,,,
vatambi,players,positive,3.1435998089985606,1,,mismatch,,,,,,,,,,
vavhote,vote,negative,1.903807662450311,-1,,mismatch,,,,,,,,,,
vawanda,they have multiplied,neutral,4.13347796017161,0,,mismatch,,,,,,,,,,
vazive,know them,neutral,3.8704435543378155,0,,mismatch,,,,,,,,,,
vekuti,they,positive,2.9509547310561643,1,0.0,mismatch,they,ils,ivo,bona,bona,hulle,ba,0.0,Neutre,Mot
vembwa,of the dog,negative,1.903807662450311,-1,,mismatch,,,,,,,,,,
vevana,for children,positive,3.14359980899856,1,,mismatch,,,,,,,,,,
vharira,block,negative,1.903807662450311,-1,,mismatch,,,,,,,,,,
vhesi,verse,negative,1.903807662450311,-1,,mismatch,,,,,,,,,,
vhoti,vote,negative,1.903807662450311,-1,,mismatch,,,,,,,,,,
vice,vice,positive,2.9212073876621125,1,,mismatch,,,,,,,,,,
villas,villas,positive,2.9212073876621125,1,,mismatch,,,,,,,,,,
visit,visit,positive,3.14359980899856,1,,mismatch,,,,,,,,,,
waiziva,you knew,negative,1.903807662450311,-1,,mismatch,,,,,,,,,,
walzy,walzy,neutral,4.092835975674263,0,,mismatch,,,,,,,,,,
wandiri,I am,negative,1.903807662450311,-1,,mismatch,,,,,,,,,,
wanna,wanna,negative,1.903807662450311,-1,,mismatch,,,,,,,,,,
washadaya,he crashed,negative,1.903807662450311,-1,,mismatch,,,,,,,,,,
wasn’t,wasn’t,negative,1.903807662450311,-1,,mismatch,,,,,,,,,,
wechikadzi,the female,negative,1.903807662450311,-1,,mismatch,,,,,,,,,,
wee,wee,neutral,4.092835975674263,0,,mismatch,,,,,,,,,,
wekuda,of love,negative,1.903807662450311,-1,,mismatch,,,,,,,,,,
wekutanga,wekutanga,positive,2.9212073876621125,1,,mismatch,,,,,,,,,,
wembudzi,of goats,neutral,4.13347796017161,0,,mismatch,,,,,,,,,,
wemumwe,of one's,positive,3.14359980899856,1,,mismatch,,,,,,,,,,
western,western,negative,1.903807662450311,-1,,mismatch,,,,,,,,,,
wezim,wezim,positive,2.973674807556248,1,,mismatch,,,,,,,,,,
winning,winning,positive,3.1435998089985606,1,,mismatch,,,,,,,,,,
woisa,put,neutral,4.092835975674263,0,1.0,mismatch,put,mettre,isa,beka,faka,set,beha,2.0,Positif,Verbe
woisa,put,neutral,4.092835975674263,0,1.0,mismatch,put,mettre,isa,beka,faka,set,beha,3.0,Positif,Verbe
woisa,put,neutral,4.092835975674263,0,1.0,mismatch,Put,Mettre,Isa,Beka,Faka,Set,Beha,2.0,Positif,Verbe
yaanayo,"""Play Button",neutral,4.092835975674263,0,,mismatch,,,,,,,,,,
yadonha,it's dropped,neutral,4.092835975674263,0,,mismatch,,,,,,,,,,
yakabatana,connected,positive,3.14359980899856,1,,mismatch,,,,,,,,,,
yakaruma,bitter,neutral,4.092835975674263,0,,mismatch,,,,,,,,,,
yakatumirwa,posted,positive,3.14359980899856,1,,mismatch,,,,,,,,,,
yakazara,full,negative,1.903807662450311,-1,1.0,mismatch,Full,Plein,Izere,-Gcwele,Igcwele,Vol,E tletse,6.0,Positif,Mot
yakazara,full,negative,1.903807662450311,-1,0.0,mismatch,full,plein,izere,-gcwele,igcwele,vol,e tletse,0.0,Neutre,Mot
yakazara,full,negative,1.903807662450311,-1,0.0,mismatch,full,plein,izere,-gcwele,igcwele,vol,e tletse,0.0,Neutre,Mot
yakazara,full,negative,1.903807662450311,-1,1.0,mismatch,Full,Plein,Izere,-Gcwele,Igcwele,Vol,E tletse,6.0,Positif,Mot
yamuka,YAmuka,positive,3.1435998089985606,1,,mismatch,,,,,,,,,,
yapa,deviate,neutral,3.8704435543378155,0,1.0,mismatch,deviate,dévier,kutsauka,phambuka,phambuka,afwyk,kheloha,3.0,Positif,Verbe
yapera,is completed,positive,2.973674807556248,1,,mismatch,,,,,,,,,,
yeafrima,of the agriculture,positive,3.1435998089985606,1,,mismatch,,,,,,,,,,
yebasa,yebasa,positive,2.9915967155535106,1,,mismatch,,,,,,,,,,
yechibage,of corn,negative,1.903807662450311,-1,,mismatch,,,,,,,,,,
yegukurahundi,of the grain,positive,3.14359980899856,1,,mismatch,,,,,,,,,,
yekucheka,for cutting,negative,1.903807662450311,-1,,mismatch,,,,,,,,,,
yekupedza,to finish,negative,1.903807662450311,-1,,mismatch,,,,,,,,,,
yekurarahouse,of sleephouse,positive,2.973674807556248,1,,mismatch,,,,,,,,,,
yekuraratownhouse,yekuraratownhouse,positive,3.14359980899856,1,,mismatch,,,,,,,,,,
yekuroja,for a shop,positive,3.056136967748221,1,,mismatch,,,,,,,,,,
yekut,to,neutral,4.092835975674263,0,,mismatch,,,,,,,,,,
yemazuva,of days,positive,2.9212073876621125,1,,mismatch,,,,,,,,,,
yemhando,yemhando,positive,3.1435998089985606,1,,mismatch,,,,,,,,,,
yemukati,internal,positive,3.1435998089985606,1,,mismatch,,,,,,,,,,
yepamusoro,uppercase,positive,2.9509547310561643,1,,mismatch,,,,,,,,,,
yevanhu,of people,negative,1.903807662450311,-1,,mismatch,,,,,,,,,,
ziya,will,negative,1.903807662450311,-1,1.0,mismatch,will,volonter,kuda,isifiso,iya,begeerte,thato,3.0,Positif,Mot
ziya,will,negative,1.903807662450311,-1,0.0,mismatch,will,testament,kuda,isifiso,iya,begeerte,thato,0.0,neutrre ,Mot
ziya,will,negative,1.903807662450311,-1,1.0,mismatch,Will,Volonté,Kuda,Isifiso,Iya,Begeerte,Thato,4.77272727272727,Positif,Mot
ziya,will,negative,1.903807662450311,-1,1.0,mismatch,Will,Volonté,Kuda,Isifiso,Iya,Begeerte,Thato,7.0,Positif,Mot
zondo,zondo,positive,3.1435998089985606,1,,mismatch,,,,,,,,,,
zvakabva,it came from,negative,1.903807662450311,-1,,mismatch,,,,,,,,,,
zvamutori,what is,neutral,3.8704435543378155,0,1.0,mismatch,what is,ce qui est,chii,yini,Yintoni i,Wat is,ke eng,9.0,Positif,Mot
zvega,only,negative,1.903807662450311,-1,1.0,mismatch,Only,  Seulement,Chete,Kuphela,Kuphela,Enigste,Fela,5.0,Positif,Mot
zvega,only,negative,1.903807662450311,-1,1.0,mismatch,Only,Seulement,Chete,Kuphela,Kuphela,Enigste,Feela,1.0,Positif,Mot
zvega,only,negative,1.903807662450311,-1,1.0,mismatch,Only,Seulement,Chete,Kuphela,Kuphela,Enigste,Feela,3.0,Positif,Mot
zvemashuwa,symptom,positive,2.9212073876621125,1,,mismatch,,,,,,,,,,
zvemukati,content,positive,2.9212073876621125,1,,mismatch,,,,,,,,,,
zvikuru,very,positive,2.9212073876621125,1,,mismatch,,,,,,,,,,
zvikwereti,loans,negative,1.903807662450311,-1,,mismatch,,,,,,,,,,
zvinei,What is,negative,1.903807662450311,-1,1.0,mismatch,what is,ce qui est,chii,yini,Yintoni i,Wat is,ke eng,9.0,Positif,Mot
zvinokuita,it makes you,neutral,4.092835975674263,0,,mismatch,,,,,,,,,,
zvinokwanisa,can,negative,1.903807662450311,-1,,mismatch,,,,,,,,,,
zvinonaka,delicious,positive,3.1435998089985606,1,,mismatch,,,,,,,,,,
zvinorevei,what does it mean,positive,2.9509547310561643,1,,mismatch,,,,,,,,,,
zvinoshamisa,amazing,neutral,4.092835975674263,0,,mismatch,,,,,,,,,,
zvinosiririsa,sad,negative,1.903807662450311,-1,-1.0,match,Sad,Triste,Suwa,-Lusizi,Ukukhazeka,Treurig,Masoabi,-6.0,Negatif,Mot
zvinotengeswa,are sold,neutral,3.8704435543378155,0,,mismatch,,,,,,,,,,
zvirizvo,it's,negative,1.903807662450311,-1,,mismatch,,,,,,,,,,
zviye,of,neutral,4.355870381508057,0,0.0,match,of,de,of,iwa-,ye,van,tsa,0.0,Neutre,Article
zviye,of,neutral,4.355870381508057,0,0.0,match,of,de,of,iwa-,ye,van,tsa,0.0,Neutre,Mot
если,If,positive,3.1435998089985606,1,,mismatch,,,,,,,,,,
քրիստոս,Christ,neutral,4.13347796017161,0,,mismatch,,,,,,,,,,
משפחת,Family,negative,1.903807662450311,-1,1.0,mismatch,family,famille,mhuri,umndeni,usapho,familie,Lelapa,2.0,Positif,Mot
משפחת,Family,negative,1.903807662450311,-1,1.0,mismatch,family,famille,mhuri,umndeni,usapho,familie,Lelapa,3.0,Positif,Mot
משפחת,Family,negative,1.903807662450311,-1,0.0,mismatch,family,famille,mhuri,umndeni,usapho,familie,Lelapa,0.0,Neutre,Mot
משפחת,Family,negative,1.903807662450311,-1,1.0,mismatch,Family,Famille,Mhuri,Umndeni,Usapho,Familie,Lelapa,8.0,Positif,Mot
עד,to,negative,1.903807662450311,-1,,mismatch,,,,,,,,,,
صوت,voice,positive,3.1435998089985606,1,1.0,match,voice,voix,Izwi,iphimbo,ilizwi,stem,Lentsoe,2.0,Positif,Mot
صوت,voice,positive,3.1435998089985606,1,1.0,match,Voice,Voix,Izwi,Iphimbo,Ilizwi,Stem,Lentsoe,2.0,Positif,Mot
صوت,voice,positive,3.1435998089985606,1,1.0,match,Voice,Voix,Izwi,Iphimbo,Ilizwi,Stem,Lentsoe,5.0,Positif,Mot
صوت,voice,positive,3.1435998089985606,1,1.0,match,Voice,Voix,Izwi,Iphimbo,Ilizwi,Stem,Lentsoe,2.0,Positif,Verbe
அழைத்துக்கொண்டு,Carrying,negative,1.903807662450311,-1,,mismatch,,,,,,,,,,
அவன்,He,negative,1.903807662450311,-1,0.0,mismatch,He,Il,Iye,Yena,Yena,Hy,He,0.0,Neutre,Mot
அவன்,He,negative,1.903807662450311,-1,0.0,mismatch,he,il,iye,yena,yena,hy,He,0.0,Neutre,Mot
သို့,Into,positive,3.1435998089985606,1,,mismatch,,,,,,,,,,
–,,positive,2.9509547310561643,1,,mismatch,,,,,,,,,,
🇿🇼,,positive,2.9212073876621125,1,,mismatch,,,,,,,,,,
👉,,positive,3.14359980899856,1,,mismatch,,,,,,,,,,
👏🏿,,positive,2.9915967155535106,1,,mismatch,,,,,,,,,,
😢,,negative,1.903807662450311,-1,,mismatch,,,,,,,,,,
😣,,negative,1.903807662450311,-1,,mismatch,,,,,,,,,,
😹😹😹😹,,positive,3.1435998089985606,1,,mismatch,,,,,,,,,,
🙆‍♀️,,negative,1.9038076624503113,-1,,mismatch,,,,,,,,,,
🙏,,positive,3.1435998089985606,1,,mismatch,,,,,,,,,,
🤦🏾‍♀️,,negative,1.903807662450311,-1,,mismatch,,,,,,,,,,
